Workbook

Sheet 1 · BBDD Casos incluidos
A1: País (ISO-2) | B1: Caso | C1: caso_id | D1: Año | E1: Confianza | F1: Descripción del proceso | G1: Organización a cargo | H1: Notas de validación | I1: Comentarios | J1: URLs | K1: Cuenta como iniciativa | L1: Tipo de proceso | M1: Etapas uso IA | N1: Nivel (0-3) | O1: Continuidad (etiqueta) | P1: Convocante (7-cat) | Q1: Tipo org | R1: Rol IA | S1: Tipo desarrollador IA | T1: Origen desarrollador | U1: Tipos/familia IA | V1: Usa LLM | W1: norm · Tipo de proceso | X1: norm · Etapas | Y1: norm · Convocante | Z1: norm · Tipo desarrollador | AA1: norm · Origen desarrollador | AB1: norm · Tipos/familia IA | AC1: TP: Participación Digital (0/1) | AD1: TP: Gobernanza Colaborativa (0/1) | AE1: TP: Mini públicos (0/1) | AF1: TP: Referendos e Iniciativas Populares (0/1) | AG1: TP: Presupuestos Participativos (0/1) | AH1: ET: Planificación (0/1) | AI1: ET: Implementación (0/1) | AJ1: ET: Análisis (0/1) | AK1: ET: Traducción Política (0/1) | AL1: CV: gobierno local [GL] (0/1) | AM1: CV: gobierno nacional [GN] (0/1) | AN1: CV: otra institución pública [OIP] (0/1) | AO1: CV: empresa [EMP] (0/1) | AP1: CV: universidad [UNI] (0/1) | AQ1: CV: sociedad civil [SC] (0/1) | AR1: CV: organización internacional [OI] (0/1) | AS1: DEV: Privado (0/1) | AT1: DEV: Academia (0/1) | AU1: DEV: Gobierno (0/1) | AV1: DEV: Sociedad Civil (0/1) | AW1: ORG: Nacional (0/1) | AX1: ORG: Internacional (0/1) | AY1: Nivel efectivo | AZ1: Clave combinación convocantes | BA1: Combinación 1ª aparición (país)
A2: BR | B2: 5ª Conferência Nacional de CT&I - sistematización con IA | C2: BR-5a-conferencia-nacional-de-ct-i-sistemat | D2: 2023 | E2: ALTA | F2: Proceso participativo de consulta pública nacional para la construcción de la nueva Estrategia Nacional de Ciencia, Tecnología e Innovación (ENCTI 2030). Comprendió más de 200 etapas preparatorias (18 reuniones temáticas, 157 conferencias libres, 27 conferencias estaduales, 14 municipales y 5 regionales), con más de 100 mil participantes en 221 eventos, culminando en la etapa nacional en Brasília (30-31 jul y 1 ago 2024). La Subcomissão de Sistematização e Documentação usó IA para transcribir, analizar, sistematizar y sintetizar las contribuciones, produciendo e-books de síntesis y los Libros Lilás (rec. de la sociedad) y Violeta (documento de referencia) que orientan la ENCTI. | G2: Ministério da Ciência, Tecnologia e Inovação (MCTI), con organización del Centro de Gestão e Estudos Estratégicos (CGEE). La sistematización con IA fue ejecutada por la empresa TDS Company (Porto Digital, Recife, PE) con curaduría de la Subcomissão de Sistematização e Documentação, coordinada por Francilene Garcia. | J2: https://www.gov.br/mcti/pt-br/acompanhe-o-mcti/noticias/2024/08/5a-conferencia-nacional-de-ciencia-tecnologia-e-inovacao-na-era-digital-tem-publico-recorde-lancamento-de-plano-de-ia-e-debates-sobre-temas-urgentes | K2: sí | L2: Participación Digital; Gobernanza Colaborativa | M2: Análisis | N2: 2 | O2: Uso único | P2: gobierno nacional | Q2: Público | R2: contenido | S2: Privado | T2: Nacional | U2: Voz a Texto; NLP | V2: no-claro | W2: =";"&LOWER(SUBSTITUTE(SUBSTITUTE(SUBSTITUTE(L2,"; ",";"),", ",";"),",",";"))&";" -> ;participación digital;gobernanza colaborativa; | X2: =";"&LOWER(SUBSTITUTE(SUBSTITUTE(SUBSTITUTE(M2,"; ",";"),", ",";"),",",";"))&";" -> ;análisis; | Y2: =";"&LOWER(SUBSTITUTE(SUBSTITUTE(SUBSTITUTE(P2,"; ",";"),", ",";"),",",";"))&";" -> ;gobierno nacional; | Z2: =";"&LOWER(SUBSTITUTE(SUBSTITUTE(SUBSTITUTE(S2,"; ",";"),", ",";"),",",";"))&";" -> ;privado; | AA2: =";"&LOWER(SUBSTITUTE(SUBSTITUTE(SUBSTITUTE(T2,"; ",";"),", ",";"),",",";"))&";" -> ;nacional; | AB2: =";"&LOWER(SUBSTITUTE(SUBSTITUTE(SUBSTITUTE(U2,"; ",";"),", ",";"),",",";"))&";" -> ;voz a texto;nlp; | AC2: =IF(ISNUMBER(SEARCH(";participación digital;",W2)),1,0) -> 1 | AD2: =IF(ISNUMBER(SEARCH(";gobernanza colaborativa;",W2)),1,0) -> 1 | AE2: =IF(ISNUMBER(SEARCH(";mini públicos;",W2)),1,0) -> 0 | AF2: =IF(ISNUMBER(SEARCH(";referendos e iniciativas populares;",W2)),1,0) -> 0 | AG2: =IF(ISNUMBER(SEARCH(";presupuestos participativos;",W2)),1,0) -> 0 | AH2: =IF(ISNUMBER(SEARCH(";planificación;",X2)),1,0) -> 0 | AI2: =IF(ISNUMBER(SEARCH(";implementación;",X2)),1,0) -> 0 | AJ2: =IF(ISNUMBER(SEARCH(";análisis;",X2)),1,0) -> 1 | AK2: =IF(ISNUMBER(SEARCH("traducción",X2)),1,0) -> 0 | AL2: =IF(ISNUMBER(SEARCH(";gobierno local;",Y2)),1,0) -> 0 | AM2: =IF(ISNUMBER(SEARCH(";gobierno nacional;",Y2)),1,0) -> 1 | AN2: =IF(ISNUMBER(SEARCH(";otra institución pública;",Y2)),1,0) -> 0 | AO2: =IF(ISNUMBER(SEARCH(";empresa;",Y2)),1,0) -> 0 | AP2: =IF(ISNUMBER(SEARCH(";universidad;",Y2)),1,0) -> 0 | AQ2: =IF(ISNUMBER(SEARCH(";sociedad civil;",Y2)),1,0) -> 0 | AR2: =IF(ISNUMBER(SEARCH(";organización internacional;",Y2)),1,0) -> 0 | AS2: =IF(ISNUMBER(SEARCH(";privado;",Z2)),1,0) -> 1 | AT2: =IF(ISNUMBER(SEARCH(";academia;",Z2)),1,0) -> 0 | AU2: =IF(ISNUMBER(SEARCH(";gobierno;",Z2)),1,0) -> 0 | AV2: =IF(ISNUMBER(SEARCH(";sociedad civil;",Z2)),1,0) -> 0 | AW2: =IF(ISNUMBER(SEARCH(";nacional;",AA2)),1,0) -> 1 | AX2: =IF(ISNUMBER(SEARCH(";internacional;",AA2)),1,0) -> 0 | AY2: =IF(AND(N2=1,('2 · Índice por país'!$B$25-D2)>'2 · Índice por país'!$B$26),0,N2) -> 2 | AZ2: =IF(SUM(AL2:AR2)<2,"",IF(AL2=1,"GL+","")&IF(AM2=1,"GN+","")&IF(AN2=1,"OIP+","")&IF(AO2=1,"EMP+","")&IF(AP2=1,"UNI+","")&IF(AQ2=1,"SC+","")&IF(AR2=1,"OI+","")) | BA2: =IF(AZ2="",0,IF(COUNTIFS($A$1:$A1,A2,$AZ$1:$AZ1,AZ2)=0,1,0)) -> 0
A3: BO | B3: Bolivia Conversa | C3: BO-bolivia-conversa | D3: 2021 | E3: ALTA (baseline 2025 + reverif. web 2026) | F3: Plataforma de diálogo digital que emplea IA para procesar y agrupar aportaciones ciudadanas en tiempo real, retornando feedback inmediato y garantizando anonimato, con vistas a fomentar el reencuentro y la cohesión social en el país. | G3: Vicepresidencia del Estado Plurinacional de Bolivia y Sistema de Naciones Unidas en Bolivia | J3: https://bolivia.un.org/es/216764-%E2%80%9Cbolivia-conversa%E2%80%9D-%C2%BFc%C3%B3mo-la-tecnolog%C3%ADa-puede-ayudar-promover-el-di%C3%A1logo | K3: sí | L3: Gobernanza Colaborativa | M3: Implementación; Análisis | N3: 2 | O3: Uso único | P3: gobierno nacional; organización internacional | Q3: Público | R3: contenido | S3: Privado | T3: Internacional | U3: NLP - Tópicos | V3: no | W3: =";"&LOWER(SUBSTITUTE(SUBSTITUTE(SUBSTITUTE(L3,"; ",";"),", ",";"),",",";"))&";" -> ;gobernanza colaborativa; | X3: =";"&LOWER(SUBSTITUTE(SUBSTITUTE(SUBSTITUTE(M3,"; ",";"),", ",";"),",",";"))&";" -> ;implementación;análisis; | Y3: =";"&LOWER(SUBSTITUTE(SUBSTITUTE(SUBSTITUTE(P3,"; ",";"),", ",";"),",",";"))&";" -> ;gobierno nacional;organización internacional; | Z3: =";"&LOWER(SUBSTITUTE(SUBSTITUTE(SUBSTITUTE(S3,"; ",";"),", ",";"),",",";"))&";" -> ;privado; | AA3: =";"&LOWER(SUBSTITUTE(SUBSTITUTE(SUBSTITUTE(T3,"; ",";"),", ",";"),",",";"))&";" -> ;internacional; | AB3: =";"&LOWER(SUBSTITUTE(SUBSTITUTE(SUBSTITUTE(U3,"; ",";"),", ",";"),",",";"))&";" -> ;nlp - tópicos; | AC3: =IF(ISNUMBER(SEARCH(";participación digital;",W3)),1,0) -> 0 | AD3: =IF(ISNUMBER(SEARCH(";gobernanza colaborativa;",W3)),1,0) -> 1 | AE3: =IF(ISNUMBER(SEARCH(";mini públicos;",W3)),1,0) -> 0 | AF3: =IF(ISNUMBER(SEARCH(";referendos e iniciativas populares;",W3)),1,0) -> 0 | AG3: =IF(ISNUMBER(SEARCH(";presupuestos participativos;",W3)),1,0) -> 0 | AH3: =IF(ISNUMBER(SEARCH(";planificación;",X3)),1,0) -> 0 | AI3: =IF(ISNUMBER(SEARCH(";implementación;",X3)),1,0) -> 1 | AJ3: =IF(ISNUMBER(SEARCH(";análisis;",X3)),1,0) -> 1 | AK3: =IF(ISNUMBER(SEARCH("traducción",X3)),1,0) -> 0 | AL3: =IF(ISNUMBER(SEARCH(";gobierno local;",Y3)),1,0) -> 0 | AM3: =IF(ISNUMBER(SEARCH(";gobierno nacional;",Y3)),1,0) -> 1 | AN3: =IF(ISNUMBER(SEARCH(";otra institución pública;",Y3)),1,0) -> 0 | AO3: =IF(ISNUMBER(SEARCH(";empresa;",Y3)),1,0) -> 0 | AP3: =IF(ISNUMBER(SEARCH(";universidad;",Y3)),1,0) -> 0 | AQ3: =IF(ISNUMBER(SEARCH(";sociedad civil;",Y3)),1,0) -> 0 | AR3: =IF(ISNUMBER(SEARCH(";organización internacional;",Y3)),1,0) -> 1 | AS3: =IF(ISNUMBER(SEARCH(";privado;",Z3)),1,0) -> 1 | AT3: =IF(ISNUMBER(SEARCH(";academia;",Z3)),1,0) -> 0 | AU3: =IF(ISNUMBER(SEARCH(";gobierno;",Z3)),1,0) -> 0 | AV3: =IF(ISNUMBER(SEARCH(";sociedad civil;",Z3)),1,0) -> 0 | AW3: =IF(ISNUMBER(SEARCH(";nacional;",AA3)),1,0) -> 0 | AX3: =IF(ISNUMBER(SEARCH(";internacional;",AA3)),1,0) -> 1 | AY3: =IF(AND(N3=1,('2 · Índice por país'!$B$25-D3)>'2 · Índice por país'!$B$26),0,N3) -> 2 | AZ3: =IF(SUM(AL3:AR3)<2,"",IF(AL3=1,"GL+","")&IF(AM3=1,"GN+","")&IF(AN3=1,"OIP+","")&IF(AO3=1,"EMP+","")&IF(AP3=1,"UNI+","")&IF(AQ3=1,"SC+","")&IF(AR3=1,"OI+","")) -> GN+OI+ | BA3: =IF(AZ3="",0,IF(COUNTIFS($A$1:$A2,A3,$AZ$1:$AZ2,AZ3)=0,1,0)) -> 1
A4: BR | B4: Brasil Participativo - clustering semántico de propuestas ciudadanas (BERTopic + LLM, alineado a VCGE) | C4: BR-brasil-participativo-clustering-semantic | D4: 2023 | E4: MEDIA | F4: Brasil Participativo es la plataforma digital de participación social del Gobierno Federal de Brasil (construida sobre el software libre Decidim), lanzada en 2023 por la Secretaria-Geral da Presidência da República. En ella la ciudadanía envía propuestas de texto libre, revisiones, comentarios y votos sobre políticas públicas en procesos participativos federales reales: el Plano Plurianual Participativo (PPA 2024-2027), el Plano Clima Participativo y el Congresso da Juventude, además de conferencias y consultas públicas. Sobre el contenido de esas propuestas, equipos de la Universidade de Brasília (LAPPIS/FGA-UnB) y la Residência TIC BRISA desarrollaron un pipeline de IA que recolecta, clasifica y agrupa por temas las propuestas: combina modelado de tópicos con BERTopic (probando varios embeddings: BERTimbau, LaBSE, GovBERT-BR, etc.), incorpora conocimiento institucional mediante seed words extraídas del VCGE (Vocabulário Controlado do Governo Eletrônico) y usa LLMs para el etiquetado/validación automática de los tópicos, generando categorías y reportes temáticos consistentes con la taxonomía oficial para apoyar a los equipos de formulación de políticas. Se documenta un pipeline ML en evolución hacia producción (paper 'From Pre-labeling to Production') y un clasificador ML adicional (BP-Classificador-de-Propostas) entrenado a diario con Apache Airflow con datos de la plataforma, descrito como destinado a integrarse en la plataforma. | G4: Plataforma: Secretaria-Geral da Presidência da República (Secretaria Nacional de Participação Social), Gobierno Federal de Brasil, con desarrollo de la plataforma a cargo de LAPPIS/FGA-UnB y la comunidad Decidim-Brasil (Dataprev). Componente de IA (clustering semántico / clasificador): investigadores de la Universidade de Brasília (LAPPIS) y la Residência TIC BRISA (UnB-Gama / BRISA), con la Secretaria de Participação Social como mentora del proyecto. | H4: Yo lo dejaría, pero como anuncio dado que no se ve que haya sido implementado todavía en las fuentes que tenemos | I4: No hay fuente que respalde el uso de IA activo en la iniciativa. Solo un paper donde se promueve su implementación | K4: sí | L4: Gobernanza Colaborativa; Participación Digital | M4: Análisis | N4: 1 | O4: Anuncio | P4: gobierno nacional | Q4: Público | R4: contenido | S4: Academia; Gobierno | T4: Nacional | U4: NLP; Topic modeling; Clustering semántico; Clasificación de texto; Embeddings; LLM | V4: sí | W4: =";"&LOWER(SUBSTITUTE(SUBSTITUTE(SUBSTITUTE(L4,"; ",";"),", ",";"),",",";"))&";" -> ;gobernanza colaborativa;participación digital; | X4: =";"&LOWER(SUBSTITUTE(SUBSTITUTE(SUBSTITUTE(M4,"; ",";"),", ",";"),",",";"))&";" -> ;análisis; | Y4: =";"&LOWER(SUBSTITUTE(SUBSTITUTE(SUBSTITUTE(P4,"; ",";"),", ",";"),",",";"))&";" -> ;gobierno nacional; | Z4: =";"&LOWER(SUBSTITUTE(SUBSTITUTE(SUBSTITUTE(S4,"; ",";"),", ",";"),",",";"))&";" -> ;academia;gobierno; | AA4: =";"&LOWER(SUBSTITUTE(SUBSTITUTE(SUBSTITUTE(T4,"; ",";"),", ",";"),",",";"))&";" -> ;nacional; | AB4: =";"&LOWER(SUBSTITUTE(SUBSTITUTE(SUBSTITUTE(U4,"; ",";"),", ",";"),",",";"))&";" -> ;nlp;topic modeling;clustering semántico;clasificación de texto;embeddings;llm; | AC4: =IF(ISNUMBER(SEARCH(";participación digital;",W4)),1,0) -> 1 | AD4: =IF(ISNUMBER(SEARCH(";gobernanza colaborativa;",W4)),1,0) -> 1 | AE4: =IF(ISNUMBER(SEARCH(";mini públicos;",W4)),1,0) -> 0 | AF4: =IF(ISNUMBER(SEARCH(";referendos e iniciativas populares;",W4)),1,0) -> 0 | AG4: =IF(ISNUMBER(SEARCH(";presupuestos participativos;",W4)),1,0) -> 0 | AH4: =IF(ISNUMBER(SEARCH(";planificación;",X4)),1,0) -> 0 | AI4: =IF(ISNUMBER(SEARCH(";implementación;",X4)),1,0) -> 0 | AJ4: =IF(ISNUMBER(SEARCH(";análisis;",X4)),1,0) -> 1 | AK4: =IF(ISNUMBER(SEARCH("traducción",X4)),1,0) -> 0 | AL4: =IF(ISNUMBER(SEARCH(";gobierno local;",Y4)),1,0) -> 0 | AM4: =IF(ISNUMBER(SEARCH(";gobierno nacional;",Y4)),1,0) -> 1 | AN4: =IF(ISNUMBER(SEARCH(";otra institución pública;",Y4)),1,0) -> 0 | AO4: =IF(ISNUMBER(SEARCH(";empresa;",Y4)),1,0) -> 0 | AP4: =IF(ISNUMBER(SEARCH(";universidad;",Y4)),1,0) -> 0 | AQ4: =IF(ISNUMBER(SEARCH(";sociedad civil;",Y4)),1,0) -> 0 | AR4: =IF(ISNUMBER(SEARCH(";organización internacional;",Y4)),1,0) -> 0 | AS4: =IF(ISNUMBER(SEARCH(";privado;",Z4)),1,0) -> 0 | AT4: =IF(ISNUMBER(SEARCH(";academia;",Z4)),1,0) -> 1 | AU4: =IF(ISNUMBER(SEARCH(";gobierno;",Z4)),1,0) -> 1 | AV4: =IF(ISNUMBER(SEARCH(";sociedad civil;",Z4)),1,0) -> 0 | AW4: =IF(ISNUMBER(SEARCH(";nacional;",AA4)),1,0) -> 1 | AX4: =IF(ISNUMBER(SEARCH(";internacional;",AA4)),1,0) -> 0 | AY4: =IF(AND(N4=1,('2 · Índice por país'!$B$25-D4)>'2 · Índice por país'!$B$26),0,N4) -> 0 | AZ4: =IF(SUM(AL4:AR4)<2,"",IF(AL4=1,"GL+","")&IF(AM4=1,"GN+","")&IF(AN4=1,"OIP+","")&IF(AO4=1,"EMP+","")&IF(AP4=1,"UNI+","")&IF(AQ4=1,"SC+","")&IF(AR4=1,"OI+","")) | BA4: =IF(AZ4="",0,IF(COUNTIFS($A$1:$A3,A4,$AZ$1:$AZ3,AZ4)=0,1,0)) -> 0
A5: BR | B5: Meta Community Forum on Generative AI — cohorte Brasil (Deliberative Polling, Stanford) | C5: BR-meta-community-forum-genai | D5: 2023 | E5: ALTA (plataforma, moderador automatizado, fechas, cohorte BR y hallazgos BR confirmados con citas verbatim de Stanford/BIT); pendiente solo N de Brasil e idioma, y el pipeline de análisis (posible upgrade a 'contenido') | F5: Foro comunitario deliberativo (Deliberative Polling®) sobre principios para los chatbots de IA generativa, realizado el 28-29 de octubre de 2023 en la Stanford Online Deliberation Platform con 1.545 participantes de muestras científicas de Brasil, Alemania, España y EE.UU. Formato: grupos pequeños de 8-12 personas (166 grupos, con grupo de control por país), panel de expertos en plenario, cuadernillo informativo (~50 págs.) y 44 preguntas de opinión pre/post. Los resultados (publicados abr-2024) incluyen hallazgos específicos de Brasil (p. ej., fuerte oposición a relaciones románticas humano-chatbot; énfasis en perspectivas locales en las fuentes de la IA). Meta declaró que los resultados 'ayudaron a dar forma a algunas de las decisiones más fundamentales' del diseño de sus productos de IA generativa. | G5: Meta (convocante/financista) + Stanford Deliberative Democracy Lab (diseño y ejecución del Deliberative Polling®) + Behavioural Insights Team (entrega y recomendaciones) | H5: Entra como «apoyo» (moderador automatizado de la deliberación). Pendiente: confirmar N de la cohorte Brasil e idioma, y si el pipeline de análisis toca el CONTENIDO de los aportes (posible upgrade rol_IA apoyo→contenido). Fuentes Stanford DDL / BIT ya citadas. | J5: https://deliberation.stanford.edu/meta-community-forum-generative-ai-results | K5: sí | L5: Mini públicos | M5: Implementación | N5: 2 | O5: Uso único | P5: empresa; universidad | Q5: Privado | R5: apoyo | S5: Academia | T5: Internacional | U5: Moderación/facilitación automatizada; Sistema de reglas/temporización | V5: no-claro | W5: =";"&LOWER(SUBSTITUTE(SUBSTITUTE(SUBSTITUTE(L5,"; ",";"),", ",";"),",",";"))&";" -> ;mini públicos; | X5: =";"&LOWER(SUBSTITUTE(SUBSTITUTE(SUBSTITUTE(M5,"; ",";"),", ",";"),",",";"))&";" -> ;implementación; | Y5: =";"&LOWER(SUBSTITUTE(SUBSTITUTE(SUBSTITUTE(P5,"; ",";"),", ",";"),",",";"))&";" -> ;empresa;universidad; | Z5: =";"&LOWER(SUBSTITUTE(SUBSTITUTE(SUBSTITUTE(S5,"; ",";"),", ",";"),",",";"))&";" -> ;academia; | AA5: =";"&LOWER(SUBSTITUTE(SUBSTITUTE(SUBSTITUTE(T5,"; ",";"),", ",";"),",",";"))&";" -> ;internacional; | AB5: =";"&LOWER(SUBSTITUTE(SUBSTITUTE(SUBSTITUTE(U5,"; ",";"),", ",";"),",",";"))&";" -> ;moderación/facilitación automatizada;sistema de reglas/temporización; | AC5: =IF(ISNUMBER(SEARCH(";participación digital;",W5)),1,0) -> 0 | AD5: =IF(ISNUMBER(SEARCH(";gobernanza colaborativa;",W5)),1,0) -> 0 | AE5: =IF(ISNUMBER(SEARCH(";mini públicos;",W5)),1,0) -> 1 | AF5: =IF(ISNUMBER(SEARCH(";referendos e iniciativas populares;",W5)),1,0) -> 0 | AG5: =IF(ISNUMBER(SEARCH(";presupuestos participativos;",W5)),1,0) -> 0 | AH5: =IF(ISNUMBER(SEARCH(";planificación;",X5)),1,0) -> 0 | AI5: =IF(ISNUMBER(SEARCH(";implementación;",X5)),1,0) -> 1 | AJ5: =IF(ISNUMBER(SEARCH(";análisis;",X5)),1,0) -> 0 | AK5: =IF(ISNUMBER(SEARCH("traducción",X5)),1,0) -> 0 | AL5: =IF(ISNUMBER(SEARCH(";gobierno local;",Y5)),1,0) -> 0 | AM5: =IF(ISNUMBER(SEARCH(";gobierno nacional;",Y5)),1,0) -> 0 | AN5: =IF(ISNUMBER(SEARCH(";otra institución pública;",Y5)),1,0) -> 0 | AO5: =IF(ISNUMBER(SEARCH(";empresa;",Y5)),1,0) -> 1 | AP5: =IF(ISNUMBER(SEARCH(";universidad;",Y5)),1,0) -> 1 | AQ5: =IF(ISNUMBER(SEARCH(";sociedad civil;",Y5)),1,0) -> 0 | AR5: =IF(ISNUMBER(SEARCH(";organización internacional;",Y5)),1,0) -> 0 | AS5: =IF(ISNUMBER(SEARCH(";privado;",Z5)),1,0) -> 0 | AT5: =IF(ISNUMBER(SEARCH(";academia;",Z5)),1,0) -> 1 | AU5: =IF(ISNUMBER(SEARCH(";gobierno;",Z5)),1,0) -> 0 | AV5: =IF(ISNUMBER(SEARCH(";sociedad civil;",Z5)),1,0) -> 0 | AW5: =IF(ISNUMBER(SEARCH(";nacional;",AA5)),1,0) -> 0 | AX5: =IF(ISNUMBER(SEARCH(";internacional;",AA5)),1,0) -> 1 | AY5: =IF(AND(N5=1,('2 · Índice por país'!$B$25-D5)>'2 · Índice por país'!$B$26),0,N5) -> 2 | AZ5: =IF(SUM(AL5:AR5)<2,"",IF(AL5=1,"GL+","")&IF(AM5=1,"GN+","")&IF(AN5=1,"OIP+","")&IF(AO5=1,"EMP+","")&IF(AP5=1,"UNI+","")&IF(AQ5=1,"SC+","")&IF(AR5=1,"OI+","")) -> EMP+UNI+ | BA5: =IF(AZ5="",0,IF(COUNTIFS($A$1:$A4,A5,$AZ$1:$AZ4,AZ5)=0,1,0)) -> 1
A6: BR | B6: OPA Piauí - Orçamento Participativo Digital (Colab) | C6: BR-opa-piaui-presupuesto-participativo-digi | D6: 2023 | E6: MEDIA | F6: OPA (Orçamento Participativo Digital) es el presupuesto participativo 100% digital del Gobierno del Estado de Piauí (Brasil), creado en 2023 y coordinado por la Secretaria do Planejamento (SEPLAN) con apoyo de la Secretaria de Relações Sociais (Seres). Se ejecuta sobre la plataforma Colab Gov (de la govtech Colab) con infraestructura AWS. El ciclo incluye cadastramento de propuestas por entidades comunitarias/asociaciones, una fase de 'análise técnica' (verificación de documentación, viabilidad de ejecución, claridad de la descripción, adecuación al área temática y no duplicación) y una votación popular abierta a la ciudadanía. En la edición 2026-2027, según el material de Colab, 'a análise ganhou agilidade com o uso de inteligência artificial, que reduziu em 40% o tempo de processamento das propostas', con economía de R$ 1,75 millón y 99,98% de disponibilidad del sistema. La señal disponible vincula la IA al procesamiento/agilización del flujo, a la seguridad de la infraestructura (filtrado de conexiones inseguras vía AWS CloudFront), a un chatbot/capacitación (CapacitIA) y a un 'Observatório do OPA' de transparencia; la 'análise técnica' de viabilidad se describe de forma reiterada como tarea conducida por equipos técnicos a través de la plataforma. NO hay evidencia de que la IA clasifique, agrupe (clustering) o sintetice el CONTENIDO temático/semántico de las propuestas en el OPA. | G6: Governo do Estado do Piauí - Secretaria do Planejamento (SEPLAN), con apoyo de la Secretaria de Relações Sociais (Seres). Socio tecnológico: GovTech Colab (plataforma Colab Gov); infraestructura: AWS (Amazon Web Services). | H6: Caso con más huecos y rol_IA dudoso. (1) Definir rol_IA: la evidencia dice que la IA agiliza el flujo y la seguridad y reduce ~40% el tiempo de análisis, SIN traza de que clasifique/agrupe/sintetice el CONTENIDO de las propuestas → hoy «apoyo»; confirmar en la fuente si hay análisis de contenido (subiría a «contenido»). (2) Completar «Tipos/familia IA» (vacío). (3) Faltan citas en Evidencia: etapas_uso_IA, estado_actividad, nivel_consolidación, tipo_convocante y usa_IA_en_proceso — abrir las URLs (Colab / SEPLAN) y extraer verbatim. | I6: No se especifica tan bien como es el uso de la IA, pero lo menciona | J6: https://www.colab.com.br/noticias/opa-e-a-participacao-popular-como-as-plataformas-colab-fortalecem-o-processo-participativo-no-piaui/ | K6: sí | L6: Presupuestos Participativos; Participación Digital | M6: Implementación | N6: 3 | O6: Plataforma | P6: gobierno local | Q6: Público | R6: apoyo | S6: Privado | T6: Nacional | V6: no-claro | W6: =";"&LOWER(SUBSTITUTE(SUBSTITUTE(SUBSTITUTE(L6,"; ",";"),", ",";"),",",";"))&";" -> ;presupuestos participativos;participación digital; | X6: =";"&LOWER(SUBSTITUTE(SUBSTITUTE(SUBSTITUTE(M6,"; ",";"),", ",";"),",",";"))&";" -> ;implementación; | Y6: =";"&LOWER(SUBSTITUTE(SUBSTITUTE(SUBSTITUTE(P6,"; ",";"),", ",";"),",",";"))&";" -> ;gobierno local; | Z6: =";"&LOWER(SUBSTITUTE(SUBSTITUTE(SUBSTITUTE(S6,"; ",";"),", ",";"),",",";"))&";" -> ;privado; | AA6: =";"&LOWER(SUBSTITUTE(SUBSTITUTE(SUBSTITUTE(T6,"; ",";"),", ",";"),",",";"))&";" -> ;nacional; | AB6: =";"&LOWER(SUBSTITUTE(SUBSTITUTE(SUBSTITUTE(U6,"; ",";"),", ",";"),",",";"))&";" -> ;; | AC6: =IF(ISNUMBER(SEARCH(";participación digital;",W6)),1,0) -> 1 | AD6: =IF(ISNUMBER(SEARCH(";gobernanza colaborativa;",W6)),1,0) -> 0 | AE6: =IF(ISNUMBER(SEARCH(";mini públicos;",W6)),1,0) -> 0 | AF6: =IF(ISNUMBER(SEARCH(";referendos e iniciativas populares;",W6)),1,0) -> 0 | AG6: =IF(ISNUMBER(SEARCH(";presupuestos participativos;",W6)),1,0) -> 1 | AH6: =IF(ISNUMBER(SEARCH(";planificación;",X6)),1,0) -> 0 | AI6: =IF(ISNUMBER(SEARCH(";implementación;",X6)),1,0) -> 1 | AJ6: =IF(ISNUMBER(SEARCH(";análisis;",X6)),1,0) -> 0 | AK6: =IF(ISNUMBER(SEARCH("traducción",X6)),1,0) -> 0 | AL6: =IF(ISNUMBER(SEARCH(";gobierno local;",Y6)),1,0) -> 1 | AM6: =IF(ISNUMBER(SEARCH(";gobierno nacional;",Y6)),1,0) -> 0 | AN6: =IF(ISNUMBER(SEARCH(";otra institución pública;",Y6)),1,0) -> 0 | AO6: =IF(ISNUMBER(SEARCH(";empresa;",Y6)),1,0) -> 0 | AP6: =IF(ISNUMBER(SEARCH(";universidad;",Y6)),1,0) -> 0 | AQ6: =IF(ISNUMBER(SEARCH(";sociedad civil;",Y6)),1,0) -> 0 | AR6: =IF(ISNUMBER(SEARCH(";organización internacional;",Y6)),1,0) -> 0 | AS6: =IF(ISNUMBER(SEARCH(";privado;",Z6)),1,0) -> 1 | AT6: =IF(ISNUMBER(SEARCH(";academia;",Z6)),1,0) -> 0 | AU6: =IF(ISNUMBER(SEARCH(";gobierno;",Z6)),1,0) -> 0 | AV6: =IF(ISNUMBER(SEARCH(";sociedad civil;",Z6)),1,0) -> 0 | AW6: =IF(ISNUMBER(SEARCH(";nacional;",AA6)),1,0) -> 1 | AX6: =IF(ISNUMBER(SEARCH(";internacional;",AA6)),1,0) -> 0 | AY6: =IF(AND(N6=1,('2 · Índice por país'!$B$25-D6)>'2 · Índice por país'!$B$26),0,N6) -> 3 | AZ6: =IF(SUM(AL6:AR6)<2,"",IF(AL6=1,"GL+","")&IF(AM6=1,"GN+","")&IF(AN6=1,"OIP+","")&IF(AO6=1,"EMP+","")&IF(AP6=1,"UNI+","")&IF(AQ6=1,"SC+","")&IF(AR6=1,"OI+","")) | BA6: =IF(AZ6="",0,IF(COUNTIFS($A$1:$A5,A6,$AZ$1:$AZ5,AZ6)=0,1,0)) -> 0
A7: BR | B7: Plan Plurianual de la ciudad de Natal | C7: BR-plan-plurianual-de-la-ciudad-de-natal | D7: 2025 | E7: ALTA (baseline 2025 + reverif. web 2026) | F7: Recolección de información a través de tres preguntas habilitadas por WhatsApp para diseñar el Plan Plurianual de la ciudad 2026-2029 | G7: Prefeitura Municipal de Natal, a través de la Secretaría Municipal de Planeamiento (SEMPLA) | J7: https://diariodorn.com.br/prefeitura-de-natal-lanca-ppa-participativo-via-whatsapp-com-inteligencia-artificial/ | K7: sí | L7: Gobernanza Colaborativa | M7: Implementación; Análisis | N7: 2 | O7: Plataforma | P7: gobierno local | Q7: Público | R7: contenido | S7: Gobierno; Privado | T7: Nacional, Internacional | U7: LLM; NLP | V7: sí | W7: =";"&LOWER(SUBSTITUTE(SUBSTITUTE(SUBSTITUTE(L7,"; ",";"),", ",";"),",",";"))&";" -> ;gobernanza colaborativa; | X7: =";"&LOWER(SUBSTITUTE(SUBSTITUTE(SUBSTITUTE(M7,"; ",";"),", ",";"),",",";"))&";" -> ;implementación;análisis; | Y7: =";"&LOWER(SUBSTITUTE(SUBSTITUTE(SUBSTITUTE(P7,"; ",";"),", ",";"),",",";"))&";" -> ;gobierno local; | Z7: =";"&LOWER(SUBSTITUTE(SUBSTITUTE(SUBSTITUTE(S7,"; ",";"),", ",";"),",",";"))&";" -> ;gobierno;privado; | AA7: =";"&LOWER(SUBSTITUTE(SUBSTITUTE(SUBSTITUTE(T7,"; ",";"),", ",";"),",",";"))&";" -> ;nacional;internacional; | AB7: =";"&LOWER(SUBSTITUTE(SUBSTITUTE(SUBSTITUTE(U7,"; ",";"),", ",";"),",",";"))&";" -> ;llm;nlp; | AC7: =IF(ISNUMBER(SEARCH(";participación digital;",W7)),1,0) -> 0 | AD7: =IF(ISNUMBER(SEARCH(";gobernanza colaborativa;",W7)),1,0) -> 1 | AE7: =IF(ISNUMBER(SEARCH(";mini públicos;",W7)),1,0) -> 0 | AF7: =IF(ISNUMBER(SEARCH(";referendos e iniciativas populares;",W7)),1,0) -> 0 | AG7: =IF(ISNUMBER(SEARCH(";presupuestos participativos;",W7)),1,0) -> 0 | AH7: =IF(ISNUMBER(SEARCH(";planificación;",X7)),1,0) -> 0 | AI7: =IF(ISNUMBER(SEARCH(";implementación;",X7)),1,0) -> 1 | AJ7: =IF(ISNUMBER(SEARCH(";análisis;",X7)),1,0) -> 1 | AK7: =IF(ISNUMBER(SEARCH("traducción",X7)),1,0) -> 0 | AL7: =IF(ISNUMBER(SEARCH(";gobierno local;",Y7)),1,0) -> 1 | AM7: =IF(ISNUMBER(SEARCH(";gobierno nacional;",Y7)),1,0) -> 0 | AN7: =IF(ISNUMBER(SEARCH(";otra institución pública;",Y7)),1,0) -> 0 | AO7: =IF(ISNUMBER(SEARCH(";empresa;",Y7)),1,0) -> 0 | AP7: =IF(ISNUMBER(SEARCH(";universidad;",Y7)),1,0) -> 0 | AQ7: =IF(ISNUMBER(SEARCH(";sociedad civil;",Y7)),1,0) -> 0 | AR7: =IF(ISNUMBER(SEARCH(";organización internacional;",Y7)),1,0) -> 0 | AS7: =IF(ISNUMBER(SEARCH(";privado;",Z7)),1,0) -> 1 | AT7: =IF(ISNUMBER(SEARCH(";academia;",Z7)),1,0) -> 0 | AU7: =IF(ISNUMBER(SEARCH(";gobierno;",Z7)),1,0) -> 1 | AV7: =IF(ISNUMBER(SEARCH(";sociedad civil;",Z7)),1,0) -> 0 | AW7: =IF(ISNUMBER(SEARCH(";nacional;",AA7)),1,0) -> 1 | AX7: =IF(ISNUMBER(SEARCH(";internacional;",AA7)),1,0) -> 1 | AY7: =IF(AND(N7=1,('2 · Índice por país'!$B$25-D7)>'2 · Índice por país'!$B$26),0,N7) -> 2 | AZ7: =IF(SUM(AL7:AR7)<2,"",IF(AL7=1,"GL+","")&IF(AM7=1,"GN+","")&IF(AN7=1,"OIP+","")&IF(AO7=1,"EMP+","")&IF(AP7=1,"UNI+","")&IF(AQ7=1,"SC+","")&IF(AR7=1,"OI+","")) | BA7: =IF(AZ7="",0,IF(COUNTIFS($A$1:$A6,A7,$AZ$1:$AZ6,AZ7)=0,1,0)) -> 0
A8: BR | B8: Portal e-Cidadania (Senado Federal de Brasil) — IA sobre aportes ciudadanos: marcado automático de respuestas en audiencias públicas + matching semántico de ideias legislativas | C8: BR-e-cidadania-senado | D8: 2025 | E8: ALTA (baseline 2025 + reverif. web 2026; ambas herramientas) | F8: Portal e-Cidadania del Senado Federal de Brasil (plataforma de participación ciudadana). Aplica IA sobre los aportes ciudadanos en DOS herramientas del MISMO portal (cuentan como 1 iniciativa): (1) MARCADO DE AUDIENCIAS PÚBLICAS (2025): Implementación de IA para identificar y marcar en los videos de eventos las respuestas dadas a preguntas ciudadanas, incluso cuando estas no fueron respondidas directamente durante las audiencias. (2) MATCHING DE IDEIAS LEGISLATIVAS (dic-2025 / ene-2026): Portal e-Cidadania del Senado Federal de Brasil, módulo 'Ideia Legislativa', donde la población envía sugerencias para crear o mejorar leyes. Tradicionalmente una idea debía reunir 20.000 apoyos en 4 meses para ser formalizada como Sugestão Legislativa y analizada por la Comissão de Direitos Humanos e Legislação Participativa (CDH). A fines de 2025 / enero 2026 el Senado desplegó una herramienta de inteligencia artificial (búsqueda semántica) sobre el banco de ideias legislativas (145.993 ideias a enero 2026) que, a pedido de la Consultoria Legislativa cuando un senador prepara un proyecto, busca y selecciona las ideas ciudadanas temáticamente compatibles para incorporarlas y citarlas en la justificación del proyecto de ley, sin exigir el mínimo de apoyos. | G8: Senado Federal de Brasil — Programa e-Cidadania (Secretaria de Transparência / Coordenação do e-Cidadania). El matching de ideias legislativas se opera junto con la Consultoria Legislativa del Senado; herramienta desarrollada por el servidor Alisson Bruno (coordenador do e-Cidadania) en el marco del Desafio de Inovação do Senado. El marcado automático de audiencias corre en el mismo portal e-Cidadania. | H8: Fila FUSIONADA: el MISMO portal e-Cidadania del Senado con DOS aplicaciones de IA — marcado de audiencias (2025, usa LLM) y matching semántico de ideias legislativas (dic-2025 / ene-2026). Cuenta como 1 iniciativa; no volver a separar en dos filas. Confianza ALTA en ambas. | J8: https://www12.senado.leg.br/noticias/materias/2025/03/28/e-cidadania-utiliza-ia-para-marcar-respostas-aos-cidadaos-em-audiencias https://www12.senado.leg.br/noticias/materias/2026/01/16/cidadaos-ajudam-a-escrever-projetos-de-lei-com-ferramenta-de-inteligencia-artificial https://www12.senado.leg.br/radio/1/noticia/2026/01/15/ia-vai-aproximar-ideias-legislativas-do-e-cidadania-e-projetos-de-senadores https://www.poder360.com.br/poder-congresso/ia-do-senado-usa-sugestoes-enviadas-por-cidadaos-em-projetos-de-lei/ | K8: sí | L8: Gobernanza Colaborativa; Participación Digital; Referendos e Iniciativas Populares | M8: Análisis; Traducción Política | N8: 2 | O8: Plataforma | P8: gobierno nacional | Q8: Público | R8: contenido | S8: Gobierno | T8: Nacional | U8: Voz a Texto; LLM; NLP; Búsqueda semántica | V8: sí | W8: =";"&LOWER(SUBSTITUTE(SUBSTITUTE(SUBSTITUTE(L8,"; ",";"),", ",";"),",",";"))&";" -> ;gobernanza colaborativa;participación digital;referendos e iniciativas populares; | X8: =";"&LOWER(SUBSTITUTE(SUBSTITUTE(SUBSTITUTE(M8,"; ",";"),", ",";"),",",";"))&";" -> ;análisis;traducción política; | Y8: =";"&LOWER(SUBSTITUTE(SUBSTITUTE(SUBSTITUTE(P8,"; ",";"),", ",";"),",",";"))&";" -> ;gobierno nacional; | Z8: =";"&LOWER(SUBSTITUTE(SUBSTITUTE(SUBSTITUTE(S8,"; ",";"),", ",";"),",",";"))&";" -> ;gobierno; | AA8: =";"&LOWER(SUBSTITUTE(SUBSTITUTE(SUBSTITUTE(T8,"; ",";"),", ",";"),",",";"))&";" -> ;nacional; | AB8: =";"&LOWER(SUBSTITUTE(SUBSTITUTE(SUBSTITUTE(U8,"; ",";"),", ",";"),",",";"))&";" -> ;voz a texto;llm;nlp;búsqueda semántica; | AC8: =IF(ISNUMBER(SEARCH(";participación digital;",W8)),1,0) -> 1 | AD8: =IF(ISNUMBER(SEARCH(";gobernanza colaborativa;",W8)),1,0) -> 1 | AE8: =IF(ISNUMBER(SEARCH(";mini públicos;",W8)),1,0) -> 0 | AF8: =IF(ISNUMBER(SEARCH(";referendos e iniciativas populares;",W8)),1,0) -> 1 | AG8: =IF(ISNUMBER(SEARCH(";presupuestos participativos;",W8)),1,0) -> 0 | AH8: =IF(ISNUMBER(SEARCH(";planificación;",X8)),1,0) -> 0 | AI8: =IF(ISNUMBER(SEARCH(";implementación;",X8)),1,0) -> 0 | AJ8: =IF(ISNUMBER(SEARCH(";análisis;",X8)),1,0) -> 1 | AK8: =IF(ISNUMBER(SEARCH("traducción",X8)),1,0) -> 1 | AL8: =IF(ISNUMBER(SEARCH(";gobierno local;",Y8)),1,0) -> 0 | AM8: =IF(ISNUMBER(SEARCH(";gobierno nacional;",Y8)),1,0) -> 1 | AN8: =IF(ISNUMBER(SEARCH(";otra institución pública;",Y8)),1,0) -> 0 | AO8: =IF(ISNUMBER(SEARCH(";empresa;",Y8)),1,0) -> 0 | AP8: =IF(ISNUMBER(SEARCH(";universidad;",Y8)),1,0) -> 0 | AQ8: =IF(ISNUMBER(SEARCH(";sociedad civil;",Y8)),1,0) -> 0 | AR8: =IF(ISNUMBER(SEARCH(";organización internacional;",Y8)),1,0) -> 0 | AS8: =IF(ISNUMBER(SEARCH(";privado;",Z8)),1,0) -> 0 | AT8: =IF(ISNUMBER(SEARCH(";academia;",Z8)),1,0) -> 0 | AU8: =IF(ISNUMBER(SEARCH(";gobierno;",Z8)),1,0) -> 1 | AV8: =IF(ISNUMBER(SEARCH(";sociedad civil;",Z8)),1,0) -> 0 | AW8: =IF(ISNUMBER(SEARCH(";nacional;",AA8)),1,0) -> 1 | AX8: =IF(ISNUMBER(SEARCH(";internacional;",AA8)),1,0) -> 0 | AY8: =IF(AND(N8=1,('2 · Índice por país'!$B$25-D8)>'2 · Índice por país'!$B$26),0,N8) -> 2 | AZ8: =IF(SUM(AL8:AR8)<2,"",IF(AL8=1,"GL+","")&IF(AM8=1,"GN+","")&IF(AN8=1,"OIP+","")&IF(AO8=1,"EMP+","")&IF(AP8=1,"UNI+","")&IF(AQ8=1,"SC+","")&IF(AR8=1,"OI+","")) | BA8: =IF(AZ8="",0,IF(COUNTIFS($A$1:$A7,A8,$AZ$1:$AZ7,AZ8)=0,1,0)) -> 0
A9: BR | B9: São Paulo - Programa de Metas 2025-2028 / Participe Mais (Gemini) | C9: BR-sao-paulo-programa-de-metas-participe-ma | D9: 2025 | E9: MEDIA-ALTA | F9: Consulta pública del Programa de Metas 2025-2028 / Plano Plurianual (PPA) 2026-2029 / Planos de Ação das Subprefeituras (PAS) 2026-2029 de la Prefeitura de São Paulo, realizada en el portal Participe Mais (Participe+), plataforma de participación social de la Prefeitura construida sobre el software libre Decidim (basado en CONSUL/Decidim de Madrid-Barcelona). La consulta estuvo abierta del 7/04/2025 al 11/05/2025; el ciclo participativo incluyó 36 audiencias públicas híbridas en la ciudad (abril-mayo 2025) y recibió 6.368 propostas y más de 31.000 interacciones ciudadanas (sugerencias, apoyos, propuestas y críticas). Sobre ese material, en mayo de 2025 Carolina Borges -Agente de Governo Aberto de la Prefeitura- desarrolló una herramienta (Python + Pandas + Google Gemini) que clasifica las propostas en categorías, las ordena por asunto y cantidad de apoyos y genera relatórios y painéis visuales (ranking de temas más recurrentes y participación por distrito y subprefeitura), 'facilitando a divulgação das propostas à população'. La herramienta y su metodología se presentaron en la oficina 'Análise de Dados com Inteligência Artificial na Gestão Pública: Programa de Metas' de la Escola do Parlamento de la Câmara Municipal de São Paulo (15/12/2025), realizada en parceria con el Programa Agentes de Governo Aberto da Prefeitura. | G9: Proceso participativo (Programa de Metas / PPA / PAS): Prefeitura de São Paulo (Secretaria Municipal de Planejamento / Casa Civil / Coordenadoria de Governo Aberto, portal Participe Mais). Herramienta de IA: desarrollada por Carolina Borges, Agente de Governo Aberto de São Paulo (formación en Ciência da Computação y posgrado en Gestão e Controle Social de Políticas Públicas por la Escola de Contas do TCM-SP; experiencia profesional, académica y voluntaria), presentada en la oficina de la Escola do Parlamento da Câmara Municipal de São Paulo en parceria con el Programa Agentes de Governo Aberto. No se confirmó que la Prefeitura adoptara esta herramienta como su pipeline oficial de análisis del proceso. | H9: Confirmar el ESTATUS de la herramienta: la clasificación con Gemini la desarrolló una Agente de Governo Aberto y se presentó en un taller de la Escola do Parlamento; NO se confirmó que la Prefeitura la adoptara como pipeline OFICIAL del proceso. Verificar si es adopción institucional (entra pleno) o iniciativa individual sobre el proceso. | I9: La IA (Gemini) se usa como herramienta de post-procesamiento y análisis exploratorio de datos sobre las propuestas ciudadanas ya recolectadas — no participa en la interacción con el ciudadano, ni en la decisión, sino en clasificar y organizar el volumen de texto libre que la gente ya escribió, para que humanos (técnicos, gestores, la propia población) puedan entender más rápido qué está pidiendo la gente. | J9: https://www.saopaulo.sp.leg.br/escoladoparlamento/cursos/cursos-anteriores/cursos-realizados-em-2025/oficina-analise-de-dados-com-inteligencia-artificial-na-gestao-publica-programa-de-metas/ | K9: sí | L9: Participación Digital; Gobernanza Colaborativa | M9: Análisis | N9: 2 | O9: Uso único | P9: gobierno local | Q9: Público | R9: contenido | S9: Sociedad Civil; Gobierno | T9: Nacional | U9: LLM generativa; NLP; Clasificación de texto | V9: sí | W9: =";"&LOWER(SUBSTITUTE(SUBSTITUTE(SUBSTITUTE(L9,"; ",";"),", ",";"),",",";"))&";" -> ;participación digital;gobernanza colaborativa; | X9: =";"&LOWER(SUBSTITUTE(SUBSTITUTE(SUBSTITUTE(M9,"; ",";"),", ",";"),",",";"))&";" -> ;análisis; | Y9: =";"&LOWER(SUBSTITUTE(SUBSTITUTE(SUBSTITUTE(P9,"; ",";"),", ",";"),",",";"))&";" -> ;gobierno local; | Z9: =";"&LOWER(SUBSTITUTE(SUBSTITUTE(SUBSTITUTE(S9,"; ",";"),", ",";"),",",";"))&";" -> ;sociedad civil;gobierno; | AA9: =";"&LOWER(SUBSTITUTE(SUBSTITUTE(SUBSTITUTE(T9,"; ",";"),", ",";"),",",";"))&";" -> ;nacional; | AB9: =";"&LOWER(SUBSTITUTE(SUBSTITUTE(SUBSTITUTE(U9,"; ",";"),", ",";"),",",";"))&";" -> ;llm generativa;nlp;clasificación de texto; | AC9: =IF(ISNUMBER(SEARCH(";participación digital;",W9)),1,0) -> 1 | AD9: =IF(ISNUMBER(SEARCH(";gobernanza colaborativa;",W9)),1,0) -> 1 | AE9: =IF(ISNUMBER(SEARCH(";mini públicos;",W9)),1,0) -> 0 | AF9: =IF(ISNUMBER(SEARCH(";referendos e iniciativas populares;",W9)),1,0) -> 0 | AG9: =IF(ISNUMBER(SEARCH(";presupuestos participativos;",W9)),1,0) -> 0 | AH9: =IF(ISNUMBER(SEARCH(";planificación;",X9)),1,0) -> 0 | AI9: =IF(ISNUMBER(SEARCH(";implementación;",X9)),1,0) -> 0 | AJ9: =IF(ISNUMBER(SEARCH(";análisis;",X9)),1,0) -> 1 | AK9: =IF(ISNUMBER(SEARCH("traducción",X9)),1,0) -> 0 | AL9: =IF(ISNUMBER(SEARCH(";gobierno local;",Y9)),1,0) -> 1 | AM9: =IF(ISNUMBER(SEARCH(";gobierno nacional;",Y9)),1,0) -> 0 | AN9: =IF(ISNUMBER(SEARCH(";otra institución pública;",Y9)),1,0) -> 0 | AO9: =IF(ISNUMBER(SEARCH(";empresa;",Y9)),1,0) -> 0 | AP9: =IF(ISNUMBER(SEARCH(";universidad;",Y9)),1,0) -> 0 | AQ9: =IF(ISNUMBER(SEARCH(";sociedad civil;",Y9)),1,0) -> 0 | AR9: =IF(ISNUMBER(SEARCH(";organización internacional;",Y9)),1,0) -> 0 | AS9: =IF(ISNUMBER(SEARCH(";privado;",Z9)),1,0) -> 0 | AT9: =IF(ISNUMBER(SEARCH(";academia;",Z9)),1,0) -> 0 | AU9: =IF(ISNUMBER(SEARCH(";gobierno;",Z9)),1,0) -> 1 | AV9: =IF(ISNUMBER(SEARCH(";sociedad civil;",Z9)),1,0) -> 1 | AW9: =IF(ISNUMBER(SEARCH(";nacional;",AA9)),1,0) -> 1 | AX9: =IF(ISNUMBER(SEARCH(";internacional;",AA9)),1,0) -> 0 | AY9: =IF(AND(N9=1,('2 · Índice por país'!$B$25-D9)>'2 · Índice por país'!$B$26),0,N9) -> 2 | AZ9: =IF(SUM(AL9:AR9)<2,"",IF(AL9=1,"GL+","")&IF(AM9=1,"GN+","")&IF(AN9=1,"OIP+","")&IF(AO9=1,"EMP+","")&IF(AP9=1,"UNI+","")&IF(AQ9=1,"SC+","")&IF(AR9=1,"OI+","")) | BA9: =IF(AZ9="",0,IF(COUNTIFS($A$1:$A8,A9,$AZ$1:$AZ8,AZ9)=0,1,0)) -> 0
A10: CL | B10: Cabildos 2016 | C10: CL-cabildos-2016 | D10: 2016 | E10: ALTA (baseline 2025 + reverif. web 2026) | F10: Análisis de los cabildos del proceso constitucional en 2016 | G10: Gobierno de Chile (Presidencia/SEGPRES) — convocante del Proceso Constituyente Abierto; la Biblioteca del Congreso Nacional sistematiza y archiva los resultados (convenio con Senado, Cámara y SEGPRES). | J10: https://www.bcn.cl/procesoconstituyente/cabildos2016/ | K10: sí | L10: Gobernanza Colaborativa | M10: Análisis | N10: 2 | O10: Uso único | P10: gobierno nacional | Q10: Público | R10: contenido | S10: Academia | T10: Nacional | U10: NLP - Tópicos | V10: no | W10: =";"&LOWER(SUBSTITUTE(SUBSTITUTE(SUBSTITUTE(L10,"; ",";"),", ",";"),",",";"))&";" -> ;gobernanza colaborativa; | X10: =";"&LOWER(SUBSTITUTE(SUBSTITUTE(SUBSTITUTE(M10,"; ",";"),", ",";"),",",";"))&";" -> ;análisis; | Y10: =";"&LOWER(SUBSTITUTE(SUBSTITUTE(SUBSTITUTE(P10,"; ",";"),", ",";"),",",";"))&";" -> ;gobierno nacional; | Z10: =";"&LOWER(SUBSTITUTE(SUBSTITUTE(SUBSTITUTE(S10,"; ",";"),", ",";"),",",";"))&";" -> ;academia; | AA10: =";"&LOWER(SUBSTITUTE(SUBSTITUTE(SUBSTITUTE(T10,"; ",";"),", ",";"),",",";"))&";" -> ;nacional; | AB10: =";"&LOWER(SUBSTITUTE(SUBSTITUTE(SUBSTITUTE(U10,"; ",";"),", ",";"),",",";"))&";" -> ;nlp - tópicos; | AC10: =IF(ISNUMBER(SEARCH(";participación digital;",W10)),1,0) -> 0 | AD10: =IF(ISNUMBER(SEARCH(";gobernanza colaborativa;",W10)),1,0) -> 1 | AE10: =IF(ISNUMBER(SEARCH(";mini públicos;",W10)),1,0) -> 0 | AF10: =IF(ISNUMBER(SEARCH(";referendos e iniciativas populares;",W10)),1,0) -> 0 | AG10: =IF(ISNUMBER(SEARCH(";presupuestos participativos;",W10)),1,0) -> 0 | AH10: =IF(ISNUMBER(SEARCH(";planificación;",X10)),1,0) -> 0 | AI10: =IF(ISNUMBER(SEARCH(";implementación;",X10)),1,0) -> 0 | AJ10: =IF(ISNUMBER(SEARCH(";análisis;",X10)),1,0) -> 1 | AK10: =IF(ISNUMBER(SEARCH("traducción",X10)),1,0) -> 0 | AL10: =IF(ISNUMBER(SEARCH(";gobierno local;",Y10)),1,0) -> 0 | AM10: =IF(ISNUMBER(SEARCH(";gobierno nacional;",Y10)),1,0) -> 1 | AN10: =IF(ISNUMBER(SEARCH(";otra institución pública;",Y10)),1,0) -> 0 | AO10: =IF(ISNUMBER(SEARCH(";empresa;",Y10)),1,0) -> 0 | AP10: =IF(ISNUMBER(SEARCH(";universidad;",Y10)),1,0) -> 0 | AQ10: =IF(ISNUMBER(SEARCH(";sociedad civil;",Y10)),1,0) -> 0 | AR10: =IF(ISNUMBER(SEARCH(";organización internacional;",Y10)),1,0) -> 0 | AS10: =IF(ISNUMBER(SEARCH(";privado;",Z10)),1,0) -> 0 | AT10: =IF(ISNUMBER(SEARCH(";academia;",Z10)),1,0) -> 1 | AU10: =IF(ISNUMBER(SEARCH(";gobierno;",Z10)),1,0) -> 0 | AV10: =IF(ISNUMBER(SEARCH(";sociedad civil;",Z10)),1,0) -> 0 | AW10: =IF(ISNUMBER(SEARCH(";nacional;",AA10)),1,0) -> 1 | AX10: =IF(ISNUMBER(SEARCH(";internacional;",AA10)),1,0) -> 0 | AY10: =IF(AND(N10=1,('2 · Índice por país'!$B$25-D10)>'2 · Índice por país'!$B$26),0,N10) -> 2 | AZ10: =IF(SUM(AL10:AR10)<2,"",IF(AL10=1,"GL+","")&IF(AM10=1,"GN+","")&IF(AN10=1,"OIP+","")&IF(AO10=1,"EMP+","")&IF(AP10=1,"UNI+","")&IF(AQ10=1,"SC+","")&IF(AR10=1,"OI+","")) | BA10: =IF(AZ10="",0,IF(COUNTIFS($A$1:$A9,A10,$AZ$1:$AZ9,AZ10)=0,1,0)) -> 0
A11: CL | B11: El Chile que Queremos (ECQQ) - MinCiencia | C11: CL-el-chile-que-queremos-ecqq-minciencia | D11: 2019 | E11: ALTA | F11: Iniciativa gubernamental de diálogos ciudadanos y escucha social presentada por el Gobierno de Chile el 22 de noviembre de 2019, en el marco del Acuerdo por la Justicia Social y el Acuerdo por una Nueva Constitución tras el estallido social. Entre noviembre de 2019 y marzo de 2020, la ciudadanía pudo participar mediante diálogos grupales (cabildos) o consultas individuales en el sitio www.chilequequeremos.cl, registrando sus necesidades y propuestas para complementar futuras políticas públicas. El proceso fue un esfuerzo conjunto de los Ministerios de Desarrollo Social y Familia, de Ciencia/Tecnología/Conocimiento e Innovación (MinCiencia), de Agricultura, la SEGEGOB y la División de Gobierno Digital. El Ministerio de Ciencia fue responsable de SISTEMATIZAR los aportes ciudadanos usando ciencia de datos / IA: el repositorio público MinCiencia/ECQQ contiene el código que clasifica las contribuciones (texto libre de los aportes) mediante redes neuronales recurrentes (RNN) y árboles de decisión (Random Forest), y sistematiza emociones y necesidades mediante análisis de tópicos (NLP/LDA) sobre el contenido de diálogos y consultas individuales. | G11: Gobierno de Chile - proceso conjunto liderado por el Ministerio de Desarrollo Social y Familia; sistematización de los aportes con ciencia de datos/IA a cargo del Ministerio de Ciencia, Tecnología, Conocimiento e Innovación (MinCiencia). Participaron también Ministerio de Agricultura, SEGEGOB y División de Gobierno Digital. | J11: https://github.com/MinCiencia/ECQQ | K11: sí | L11: Participación Digital; Gobernanza Colaborativa | M11: Análisis | N11: 2 | O11: Uso único | P11: gobierno nacional | Q11: Público | R11: contenido | S11: Gobierno | T11: Nacional | U11: NLP; Clasificación de texto; Modelado de tópicos (LDA); Redes neuronales recurrentes (RNN); Random Forest; Clasificación de emociones; Machine Learning | V11: no | W11: =";"&LOWER(SUBSTITUTE(SUBSTITUTE(SUBSTITUTE(L11,"; ",";"),", ",";"),",",";"))&";" -> ;participación digital;gobernanza colaborativa; | X11: =";"&LOWER(SUBSTITUTE(SUBSTITUTE(SUBSTITUTE(M11,"; ",";"),", ",";"),",",";"))&";" -> ;análisis; | Y11: =";"&LOWER(SUBSTITUTE(SUBSTITUTE(SUBSTITUTE(P11,"; ",";"),", ",";"),",",";"))&";" -> ;gobierno nacional; | Z11: =";"&LOWER(SUBSTITUTE(SUBSTITUTE(SUBSTITUTE(S11,"; ",";"),", ",";"),",",";"))&";" -> ;gobierno; | AA11: =";"&LOWER(SUBSTITUTE(SUBSTITUTE(SUBSTITUTE(T11,"; ",";"),", ",";"),",",";"))&";" -> ;nacional; | AB11: =";"&LOWER(SUBSTITUTE(SUBSTITUTE(SUBSTITUTE(U11,"; ",";"),", ",";"),",",";"))&";" -> ;nlp;clasificación de texto;modelado de tópicos (lda);redes neuronales recurrentes (rnn);random forest;clasificación de emociones;machine learning; | AC11: =IF(ISNUMBER(SEARCH(";participación digital;",W11)),1,0) -> 1 | AD11: =IF(ISNUMBER(SEARCH(";gobernanza colaborativa;",W11)),1,0) -> 1 | AE11: =IF(ISNUMBER(SEARCH(";mini públicos;",W11)),1,0) -> 0 | AF11: =IF(ISNUMBER(SEARCH(";referendos e iniciativas populares;",W11)),1,0) -> 0 | AG11: =IF(ISNUMBER(SEARCH(";presupuestos participativos;",W11)),1,0) -> 0 | AH11: =IF(ISNUMBER(SEARCH(";planificación;",X11)),1,0) -> 0 | AI11: =IF(ISNUMBER(SEARCH(";implementación;",X11)),1,0) -> 0 | AJ11: =IF(ISNUMBER(SEARCH(";análisis;",X11)),1,0) -> 1 | AK11: =IF(ISNUMBER(SEARCH("traducción",X11)),1,0) -> 0 | AL11: =IF(ISNUMBER(SEARCH(";gobierno local;",Y11)),1,0) -> 0 | AM11: =IF(ISNUMBER(SEARCH(";gobierno nacional;",Y11)),1,0) -> 1 | AN11: =IF(ISNUMBER(SEARCH(";otra institución pública;",Y11)),1,0) -> 0 | AO11: =IF(ISNUMBER(SEARCH(";empresa;",Y11)),1,0) -> 0 | AP11: =IF(ISNUMBER(SEARCH(";universidad;",Y11)),1,0) -> 0 | AQ11: =IF(ISNUMBER(SEARCH(";sociedad civil;",Y11)),1,0) -> 0 | AR11: =IF(ISNUMBER(SEARCH(";organización internacional;",Y11)),1,0) -> 0 | AS11: =IF(ISNUMBER(SEARCH(";privado;",Z11)),1,0) -> 0 | AT11: =IF(ISNUMBER(SEARCH(";academia;",Z11)),1,0) -> 0 | AU11: =IF(ISNUMBER(SEARCH(";gobierno;",Z11)),1,0) -> 1 | AV11: =IF(ISNUMBER(SEARCH(";sociedad civil;",Z11)),1,0) -> 0 | AW11: =IF(ISNUMBER(SEARCH(";nacional;",AA11)),1,0) -> 1 | AX11: =IF(ISNUMBER(SEARCH(";internacional;",AA11)),1,0) -> 0 | AY11: =IF(AND(N11=1,('2 · Índice por país'!$B$25-D11)>'2 · Índice por país'!$B$26),0,N11) -> 2 | AZ11: =IF(SUM(AL11:AR11)<2,"",IF(AL11=1,"GL+","")&IF(AM11=1,"GN+","")&IF(AN11=1,"OIP+","")&IF(AO11=1,"EMP+","")&IF(AP11=1,"UNI+","")&IF(AQ11=1,"SC+","")&IF(AR11=1,"OI+","")) | BA11: =IF(AZ11="",0,IF(COUNTIFS($A$1:$A10,A11,$AZ$1:$AZ10,AZ11)=0,1,0)) -> 0
A12: CL | B12: Estudio dIAlogos - Percepciones de Futuro | C12: CL-estudio-dialogos-percepciones-de-futuro | D12: 2021 | E12: MEDIA (baseline 2025; sin señal web 2026 nueva) | F12: Estudio que utilizó distintas herramientas de IA para conocer las percepciones de futuro de la población chilena | G12: Fundación Encuentros del Futuro y Merlín Research | I12: Ajuste link | J12: https://fairlac.iadb.org/en/dialogos-study-perceptions-future | K12: sí | L12: Gobernanza Colaborativa | M12: Implementación; Análisis | N12: 2 | O12: Uso único | P12: sociedad civil; empresa | Q12: Mixto | R12: contenido | S12: Privado | T12: Nacional | U12: NLP | V12: no | W12: =";"&LOWER(SUBSTITUTE(SUBSTITUTE(SUBSTITUTE(L12,"; ",";"),", ",";"),",",";"))&";" -> ;gobernanza colaborativa; | X12: =";"&LOWER(SUBSTITUTE(SUBSTITUTE(SUBSTITUTE(M12,"; ",";"),", ",";"),",",";"))&";" -> ;implementación;análisis; | Y12: =";"&LOWER(SUBSTITUTE(SUBSTITUTE(SUBSTITUTE(P12,"; ",";"),", ",";"),",",";"))&";" -> ;sociedad civil;empresa; | Z12: =";"&LOWER(SUBSTITUTE(SUBSTITUTE(SUBSTITUTE(S12,"; ",";"),", ",";"),",",";"))&";" -> ;privado; | AA12: =";"&LOWER(SUBSTITUTE(SUBSTITUTE(SUBSTITUTE(T12,"; ",";"),", ",";"),",",";"))&";" -> ;nacional; | AB12: =";"&LOWER(SUBSTITUTE(SUBSTITUTE(SUBSTITUTE(U12,"; ",";"),", ",";"),",",";"))&";" -> ;nlp; | AC12: =IF(ISNUMBER(SEARCH(";participación digital;",W12)),1,0) -> 0 | AD12: =IF(ISNUMBER(SEARCH(";gobernanza colaborativa;",W12)),1,0) -> 1 | AE12: =IF(ISNUMBER(SEARCH(";mini públicos;",W12)),1,0) -> 0 | AF12: =IF(ISNUMBER(SEARCH(";referendos e iniciativas populares;",W12)),1,0) -> 0 | AG12: =IF(ISNUMBER(SEARCH(";presupuestos participativos;",W12)),1,0) -> 0 | AH12: =IF(ISNUMBER(SEARCH(";planificación;",X12)),1,0) -> 0 | AI12: =IF(ISNUMBER(SEARCH(";implementación;",X12)),1,0) -> 1 | AJ12: =IF(ISNUMBER(SEARCH(";análisis;",X12)),1,0) -> 1 | AK12: =IF(ISNUMBER(SEARCH("traducción",X12)),1,0) -> 0 | AL12: =IF(ISNUMBER(SEARCH(";gobierno local;",Y12)),1,0) -> 0 | AM12: =IF(ISNUMBER(SEARCH(";gobierno nacional;",Y12)),1,0) -> 0 | AN12: =IF(ISNUMBER(SEARCH(";otra institución pública;",Y12)),1,0) -> 0 | AO12: =IF(ISNUMBER(SEARCH(";empresa;",Y12)),1,0) -> 1 | AP12: =IF(ISNUMBER(SEARCH(";universidad;",Y12)),1,0) -> 0 | AQ12: =IF(ISNUMBER(SEARCH(";sociedad civil;",Y12)),1,0) -> 1 | AR12: =IF(ISNUMBER(SEARCH(";organización internacional;",Y12)),1,0) -> 0 | AS12: =IF(ISNUMBER(SEARCH(";privado;",Z12)),1,0) -> 1 | AT12: =IF(ISNUMBER(SEARCH(";academia;",Z12)),1,0) -> 0 | AU12: =IF(ISNUMBER(SEARCH(";gobierno;",Z12)),1,0) -> 0 | AV12: =IF(ISNUMBER(SEARCH(";sociedad civil;",Z12)),1,0) -> 0 | AW12: =IF(ISNUMBER(SEARCH(";nacional;",AA12)),1,0) -> 1 | AX12: =IF(ISNUMBER(SEARCH(";internacional;",AA12)),1,0) -> 0 | AY12: =IF(AND(N12=1,('2 · Índice por país'!$B$25-D12)>'2 · Índice por país'!$B$26),0,N12) -> 2 | AZ12: =IF(SUM(AL12:AR12)<2,"",IF(AL12=1,"GL+","")&IF(AM12=1,"GN+","")&IF(AN12=1,"OIP+","")&IF(AO12=1,"EMP+","")&IF(AP12=1,"UNI+","")&IF(AQ12=1,"SC+","")&IF(AR12=1,"OI+","")) -> EMP+SC+ | BA12: =IF(AZ12="",0,IF(COUNTIFS($A$1:$A11,A12,$AZ$1:$AZ11,AZ12)=0,1,0)) -> 1
A13: CL | B13: Jornada de Escucha Lanzamiento Instituto de Políticas Públicas UNAB | C13: CL-jornada-de-escucha-lanzamiento-instituto | D13: 2022 | E13: MEDIA (baseline 2025; sin señal web 2026 nueva) | F13: Jornadas de diálogo de la comunidad académica y otos stakeholders. | G13: Universidad Andres Bello | J13: https://ipp.unab.cl/ https://public.tableau.com/app/profile/ivania.yovanovic/viz/JornadasInstitutoPolticasPblicasUNAB/Dashboard3 | K13: sí | L13: Gobernanza Colaborativa | M13: Análisis | N13: 2 | O13: Uso único | P13: universidad | Q13: Privado | R13: contenido | S13: Privado | T13: Nacional | U13: NLP - Tópicos | V13: no | W13: =";"&LOWER(SUBSTITUTE(SUBSTITUTE(SUBSTITUTE(L13,"; ",";"),", ",";"),",",";"))&";" -> ;gobernanza colaborativa; | X13: =";"&LOWER(SUBSTITUTE(SUBSTITUTE(SUBSTITUTE(M13,"; ",";"),", ",";"),",",";"))&";" -> ;análisis; | Y13: =";"&LOWER(SUBSTITUTE(SUBSTITUTE(SUBSTITUTE(P13,"; ",";"),", ",";"),",",";"))&";" -> ;universidad; | Z13: =";"&LOWER(SUBSTITUTE(SUBSTITUTE(SUBSTITUTE(S13,"; ",";"),", ",";"),",",";"))&";" -> ;privado; | AA13: =";"&LOWER(SUBSTITUTE(SUBSTITUTE(SUBSTITUTE(T13,"; ",";"),", ",";"),",",";"))&";" -> ;nacional; | AB13: =";"&LOWER(SUBSTITUTE(SUBSTITUTE(SUBSTITUTE(U13,"; ",";"),", ",";"),",",";"))&";" -> ;nlp - tópicos; | AC13: =IF(ISNUMBER(SEARCH(";participación digital;",W13)),1,0) -> 0 | AD13: =IF(ISNUMBER(SEARCH(";gobernanza colaborativa;",W13)),1,0) -> 1 | AE13: =IF(ISNUMBER(SEARCH(";mini públicos;",W13)),1,0) -> 0 | AF13: =IF(ISNUMBER(SEARCH(";referendos e iniciativas populares;",W13)),1,0) -> 0 | AG13: =IF(ISNUMBER(SEARCH(";presupuestos participativos;",W13)),1,0) -> 0 | AH13: =IF(ISNUMBER(SEARCH(";planificación;",X13)),1,0) -> 0 | AI13: =IF(ISNUMBER(SEARCH(";implementación;",X13)),1,0) -> 0 | AJ13: =IF(ISNUMBER(SEARCH(";análisis;",X13)),1,0) -> 1 | AK13: =IF(ISNUMBER(SEARCH("traducción",X13)),1,0) -> 0 | AL13: =IF(ISNUMBER(SEARCH(";gobierno local;",Y13)),1,0) -> 0 | AM13: =IF(ISNUMBER(SEARCH(";gobierno nacional;",Y13)),1,0) -> 0 | AN13: =IF(ISNUMBER(SEARCH(";otra institución pública;",Y13)),1,0) -> 0 | AO13: =IF(ISNUMBER(SEARCH(";empresa;",Y13)),1,0) -> 0 | AP13: =IF(ISNUMBER(SEARCH(";universidad;",Y13)),1,0) -> 1 | AQ13: =IF(ISNUMBER(SEARCH(";sociedad civil;",Y13)),1,0) -> 0 | AR13: =IF(ISNUMBER(SEARCH(";organización internacional;",Y13)),1,0) -> 0 | AS13: =IF(ISNUMBER(SEARCH(";privado;",Z13)),1,0) -> 1 | AT13: =IF(ISNUMBER(SEARCH(";academia;",Z13)),1,0) -> 0 | AU13: =IF(ISNUMBER(SEARCH(";gobierno;",Z13)),1,0) -> 0 | AV13: =IF(ISNUMBER(SEARCH(";sociedad civil;",Z13)),1,0) -> 0 | AW13: =IF(ISNUMBER(SEARCH(";nacional;",AA13)),1,0) -> 1 | AX13: =IF(ISNUMBER(SEARCH(";internacional;",AA13)),1,0) -> 0 | AY13: =IF(AND(N13=1,('2 · Índice por país'!$B$25-D13)>'2 · Índice por país'!$B$26),0,N13) -> 2 | AZ13: =IF(SUM(AL13:AR13)<2,"",IF(AL13=1,"GL+","")&IF(AM13=1,"GN+","")&IF(AN13=1,"OIP+","")&IF(AO13=1,"EMP+","")&IF(AP13=1,"UNI+","")&IF(AQ13=1,"SC+","")&IF(AR13=1,"OI+","")) | BA13: =IF(AZ13="",0,IF(COUNTIFS($A$1:$A12,A13,$AZ$1:$AZ12,AZ13)=0,1,0)) -> 0
A14: CL | B14: LXS 400 - Chile Delibera | C14: CL-lxs-400-chile-delibera | D14: 2020 | E14: ALTA | F14: Encuesta deliberativa nacional (Deliberative Poll, modelo de James S. Fishkin) convocada por el Senado de Chile (Comisión Desafíos del Futuro) junto a la Fundación Tribu, el Centro para la Democracia Deliberativa de la Universidad de Stanford, la Universidad de Chile, la Asociación Chilena de Municipalidades (AChM) y el Servicio de Registro Civil. Un mini-público de ~400-514 ciudadanos seleccionados aleatoriamente y representativos del país deliberó de forma online (vía Zoom y la Stanford Online Deliberation Platform) los días 5, 6 y 7 de marzo de 2021 sobre reformas a pensiones y salud, en grupos pequeños y sesiones plenarias, de cara al debate constitucional. El proceso comenzó en diciembre de 2020 con la selección de la muestra y la entrega de material informativo equilibrado (argumentos a favor y en contra). La plataforma online de Stanford incorporó un moderador automatizado (IA) que controlaba los tiempos y distribuía equitativamente los turnos de palabra (colas de habla, temporizador, sistema de señal para determinar quién hablaba a continuación); en paralelo, el Centro de Microdatos de la U. de Chile usó tecnología basada en IA para seleccionar la muestra representativa. | G14: Senado de Chile (Comisión Desafíos del Futuro, Ciencia, Tecnología e Innovación) y Fundación Tribu, con la Universidad de Stanford (Center for Deliberative Democracy / Deliberative Democracy Lab), la Universidad de Chile (Centro de Microdatos), la Asociación Chilena de Municipalidades (AChM) y el Servicio de Registro Civil e Identificación. | I14: La primera semana de abril se espera que los organizadores entreguen un informe cuantitativo, uno cualitativo, otro de Inteligencia Artificial (IA) y una propuesta de políticas públicas. | J14: https://es.wikipedia.org/wiki/Lxs_400:_Chile_Delibera https://www.senado.cl/comunicaciones/noticias/chile-delibera-lxs-400-un-fin-de-semana-de-democracia-deliberativa-online | K14: sí | L14: Mini públicos | M14: Implementación; Planificación | N14: 2 | O14: Uso único | P14: gobierno nacional; universidad; sociedad civil | Q14: Mixto | R14: apoyo | S14: Academia | T14: Internacional | U14: Moderación/facilitación automatizada; Sistema de reglas/temporización; Muestreo estadístico asistido por IA | V14: no | W14: =";"&LOWER(SUBSTITUTE(SUBSTITUTE(SUBSTITUTE(L14,"; ",";"),", ",";"),",",";"))&";" -> ;mini públicos; | X14: =";"&LOWER(SUBSTITUTE(SUBSTITUTE(SUBSTITUTE(M14,"; ",";"),", ",";"),",",";"))&";" -> ;implementación;planificación; | Y14: =";"&LOWER(SUBSTITUTE(SUBSTITUTE(SUBSTITUTE(P14,"; ",";"),", ",";"),",",";"))&";" -> ;gobierno nacional;universidad;sociedad civil; | Z14: =";"&LOWER(SUBSTITUTE(SUBSTITUTE(SUBSTITUTE(S14,"; ",";"),", ",";"),",",";"))&";" -> ;academia; | AA14: =";"&LOWER(SUBSTITUTE(SUBSTITUTE(SUBSTITUTE(T14,"; ",";"),", ",";"),",",";"))&";" -> ;internacional; | AB14: =";"&LOWER(SUBSTITUTE(SUBSTITUTE(SUBSTITUTE(U14,"; ",";"),", ",";"),",",";"))&";" -> ;moderación/facilitación automatizada;sistema de reglas/temporización;muestreo estadístico asistido por ia; | AC14: =IF(ISNUMBER(SEARCH(";participación digital;",W14)),1,0) -> 0 | AD14: =IF(ISNUMBER(SEARCH(";gobernanza colaborativa;",W14)),1,0) -> 0 | AE14: =IF(ISNUMBER(SEARCH(";mini públicos;",W14)),1,0) -> 1 | AF14: =IF(ISNUMBER(SEARCH(";referendos e iniciativas populares;",W14)),1,0) -> 0 | AG14: =IF(ISNUMBER(SEARCH(";presupuestos participativos;",W14)),1,0) -> 0 | AH14: =IF(ISNUMBER(SEARCH(";planificación;",X14)),1,0) -> 1 | AI14: =IF(ISNUMBER(SEARCH(";implementación;",X14)),1,0) -> 1 | AJ14: =IF(ISNUMBER(SEARCH(";análisis;",X14)),1,0) -> 0 | AK14: =IF(ISNUMBER(SEARCH("traducción",X14)),1,0) -> 0 | AL14: =IF(ISNUMBER(SEARCH(";gobierno local;",Y14)),1,0) -> 0 | AM14: =IF(ISNUMBER(SEARCH(";gobierno nacional;",Y14)),1,0) -> 1 | AN14: =IF(ISNUMBER(SEARCH(";otra institución pública;",Y14)),1,0) -> 0 | AO14: =IF(ISNUMBER(SEARCH(";empresa;",Y14)),1,0) -> 0 | AP14: =IF(ISNUMBER(SEARCH(";universidad;",Y14)),1,0) -> 1 | AQ14: =IF(ISNUMBER(SEARCH(";sociedad civil;",Y14)),1,0) -> 1 | AR14: =IF(ISNUMBER(SEARCH(";organización internacional;",Y14)),1,0) -> 0 | AS14: =IF(ISNUMBER(SEARCH(";privado;",Z14)),1,0) -> 0 | AT14: =IF(ISNUMBER(SEARCH(";academia;",Z14)),1,0) -> 1 | AU14: =IF(ISNUMBER(SEARCH(";gobierno;",Z14)),1,0) -> 0 | AV14: =IF(ISNUMBER(SEARCH(";sociedad civil;",Z14)),1,0) -> 0 | AW14: =IF(ISNUMBER(SEARCH(";nacional;",AA14)),1,0) -> 0 | AX14: =IF(ISNUMBER(SEARCH(";internacional;",AA14)),1,0) -> 1 | AY14: =IF(AND(N14=1,('2 · Índice por país'!$B$25-D14)>'2 · Índice por país'!$B$26),0,N14) -> 2 | AZ14: =IF(SUM(AL14:AR14)<2,"",IF(AL14=1,"GL+","")&IF(AM14=1,"GN+","")&IF(AN14=1,"OIP+","")&IF(AO14=1,"EMP+","")&IF(AP14=1,"UNI+","")&IF(AQ14=1,"SC+","")&IF(AR14=1,"OI+","")) -> GN+UNI+SC+ | BA14: =IF(AZ14="",0,IF(COUNTIFS($A$1:$A13,A14,$AZ$1:$AZ13,AZ14)=0,1,0)) -> 1
A15: CL | B15: La voz de los nuevos votantes | C15: CL-la-voz-de-los-nuevos-votantes | D15: 2023 | E15: MEDIA (baseline 2025; sin señal web 2026 nueva) | F15: Análisis de Lenguaje Natural para los audios transcritos de encuesta realizada en persona. | G15: Universidad Andres Bello | J15: https://ipp.unab.cl/wp-content/uploads/2023/10/2-IPP-UNAB_Informe-Voz-de-los-votantes.pdf https://ipp.unab.cl/publicacion/la-voz-de-los-nuevos-votantes-san-bernardo/ | K15: sí | L15: Gobernanza Colaborativa | M15: Implementación; Análisis | N15: 2 | O15: Uso único | P15: universidad | Q15: Privado | R15: contenido | S15: Privado | T15: Nacional | U15: NLP - Tópicos | V15: no | W15: =";"&LOWER(SUBSTITUTE(SUBSTITUTE(SUBSTITUTE(L15,"; ",";"),", ",";"),",",";"))&";" -> ;gobernanza colaborativa; | X15: =";"&LOWER(SUBSTITUTE(SUBSTITUTE(SUBSTITUTE(M15,"; ",";"),", ",";"),",",";"))&";" -> ;implementación;análisis; | Y15: =";"&LOWER(SUBSTITUTE(SUBSTITUTE(SUBSTITUTE(P15,"; ",";"),", ",";"),",",";"))&";" -> ;universidad; | Z15: =";"&LOWER(SUBSTITUTE(SUBSTITUTE(SUBSTITUTE(S15,"; ",";"),", ",";"),",",";"))&";" -> ;privado; | AA15: =";"&LOWER(SUBSTITUTE(SUBSTITUTE(SUBSTITUTE(T15,"; ",";"),", ",";"),",",";"))&";" -> ;nacional; | AB15: =";"&LOWER(SUBSTITUTE(SUBSTITUTE(SUBSTITUTE(U15,"; ",";"),", ",";"),",",";"))&";" -> ;nlp - tópicos; | AC15: =IF(ISNUMBER(SEARCH(";participación digital;",W15)),1,0) -> 0 | AD15: =IF(ISNUMBER(SEARCH(";gobernanza colaborativa;",W15)),1,0) -> 1 | AE15: =IF(ISNUMBER(SEARCH(";mini públicos;",W15)),1,0) -> 0 | AF15: =IF(ISNUMBER(SEARCH(";referendos e iniciativas populares;",W15)),1,0) -> 0 | AG15: =IF(ISNUMBER(SEARCH(";presupuestos participativos;",W15)),1,0) -> 0 | AH15: =IF(ISNUMBER(SEARCH(";planificación;",X15)),1,0) -> 0 | AI15: =IF(ISNUMBER(SEARCH(";implementación;",X15)),1,0) -> 1 | AJ15: =IF(ISNUMBER(SEARCH(";análisis;",X15)),1,0) -> 1 | AK15: =IF(ISNUMBER(SEARCH("traducción",X15)),1,0) -> 0 | AL15: =IF(ISNUMBER(SEARCH(";gobierno local;",Y15)),1,0) -> 0 | AM15: =IF(ISNUMBER(SEARCH(";gobierno nacional;",Y15)),1,0) -> 0 | AN15: =IF(ISNUMBER(SEARCH(";otra institución pública;",Y15)),1,0) -> 0 | AO15: =IF(ISNUMBER(SEARCH(";empresa;",Y15)),1,0) -> 0 | AP15: =IF(ISNUMBER(SEARCH(";universidad;",Y15)),1,0) -> 1 | AQ15: =IF(ISNUMBER(SEARCH(";sociedad civil;",Y15)),1,0) -> 0 | AR15: =IF(ISNUMBER(SEARCH(";organización internacional;",Y15)),1,0) -> 0 | AS15: =IF(ISNUMBER(SEARCH(";privado;",Z15)),1,0) -> 1 | AT15: =IF(ISNUMBER(SEARCH(";academia;",Z15)),1,0) -> 0 | AU15: =IF(ISNUMBER(SEARCH(";gobierno;",Z15)),1,0) -> 0 | AV15: =IF(ISNUMBER(SEARCH(";sociedad civil;",Z15)),1,0) -> 0 | AW15: =IF(ISNUMBER(SEARCH(";nacional;",AA15)),1,0) -> 1 | AX15: =IF(ISNUMBER(SEARCH(";internacional;",AA15)),1,0) -> 0 | AY15: =IF(AND(N15=1,('2 · Índice por país'!$B$25-D15)>'2 · Índice por país'!$B$26),0,N15) -> 2 | AZ15: =IF(SUM(AL15:AR15)<2,"",IF(AL15=1,"GL+","")&IF(AM15=1,"GN+","")&IF(AN15=1,"OIP+","")&IF(AO15=1,"EMP+","")&IF(AP15=1,"UNI+","")&IF(AQ15=1,"SC+","")&IF(AR15=1,"OI+","")) | BA15: =IF(AZ15="",0,IF(COUNTIFS($A$1:$A14,A15,$AZ$1:$AZ14,AZ15)=0,1,0)) -> 0
A16: CL | B16: Participación Ciudadana Proceso Constitucional | C16: CL-participacion-ciudadana-proceso-constitu | D16: 2023 | E16: MEDIA (baseline 2025; sin señal web 2026 nueva) | F16: Análisis de los resultados obtenidos de los Diálogos Ciudadanos Autoconvocados dentro del proceso constitucional | G16: Secretaría de Participación Ciudadana | J16: https://www.secretariadeparticipacion.cl/wp-content/uploads/2023/10/Informe-SPC-Final.pdf | K16: sí | L16: Gobernanza Colaborativa | M16: Análisis | N16: 2 | O16: Uso único | P16: gobierno nacional | Q16: Público | R16: contenido | S16: Academia | T16: Nacional | U16: NLP - Tópicos | V16: no | W16: =";"&LOWER(SUBSTITUTE(SUBSTITUTE(SUBSTITUTE(L16,"; ",";"),", ",";"),",",";"))&";" -> ;gobernanza colaborativa; | X16: =";"&LOWER(SUBSTITUTE(SUBSTITUTE(SUBSTITUTE(M16,"; ",";"),", ",";"),",",";"))&";" -> ;análisis; | Y16: =";"&LOWER(SUBSTITUTE(SUBSTITUTE(SUBSTITUTE(P16,"; ",";"),", ",";"),",",";"))&";" -> ;gobierno nacional; | Z16: =";"&LOWER(SUBSTITUTE(SUBSTITUTE(SUBSTITUTE(S16,"; ",";"),", ",";"),",",";"))&";" -> ;academia; | AA16: =";"&LOWER(SUBSTITUTE(SUBSTITUTE(SUBSTITUTE(T16,"; ",";"),", ",";"),",",";"))&";" -> ;nacional; | AB16: =";"&LOWER(SUBSTITUTE(SUBSTITUTE(SUBSTITUTE(U16,"; ",";"),", ",";"),",",";"))&";" -> ;nlp - tópicos; | AC16: =IF(ISNUMBER(SEARCH(";participación digital;",W16)),1,0) -> 0 | AD16: =IF(ISNUMBER(SEARCH(";gobernanza colaborativa;",W16)),1,0) -> 1 | AE16: =IF(ISNUMBER(SEARCH(";mini públicos;",W16)),1,0) -> 0 | AF16: =IF(ISNUMBER(SEARCH(";referendos e iniciativas populares;",W16)),1,0) -> 0 | AG16: =IF(ISNUMBER(SEARCH(";presupuestos participativos;",W16)),1,0) -> 0 | AH16: =IF(ISNUMBER(SEARCH(";planificación;",X16)),1,0) -> 0 | AI16: =IF(ISNUMBER(SEARCH(";implementación;",X16)),1,0) -> 0 | AJ16: =IF(ISNUMBER(SEARCH(";análisis;",X16)),1,0) -> 1 | AK16: =IF(ISNUMBER(SEARCH("traducción",X16)),1,0) -> 0 | AL16: =IF(ISNUMBER(SEARCH(";gobierno local;",Y16)),1,0) -> 0 | AM16: =IF(ISNUMBER(SEARCH(";gobierno nacional;",Y16)),1,0) -> 1 | AN16: =IF(ISNUMBER(SEARCH(";otra institución pública;",Y16)),1,0) -> 0 | AO16: =IF(ISNUMBER(SEARCH(";empresa;",Y16)),1,0) -> 0 | AP16: =IF(ISNUMBER(SEARCH(";universidad;",Y16)),1,0) -> 0 | AQ16: =IF(ISNUMBER(SEARCH(";sociedad civil;",Y16)),1,0) -> 0 | AR16: =IF(ISNUMBER(SEARCH(";organización internacional;",Y16)),1,0) -> 0 | AS16: =IF(ISNUMBER(SEARCH(";privado;",Z16)),1,0) -> 0 | AT16: =IF(ISNUMBER(SEARCH(";academia;",Z16)),1,0) -> 1 | AU16: =IF(ISNUMBER(SEARCH(";gobierno;",Z16)),1,0) -> 0 | AV16: =IF(ISNUMBER(SEARCH(";sociedad civil;",Z16)),1,0) -> 0 | AW16: =IF(ISNUMBER(SEARCH(";nacional;",AA16)),1,0) -> 1 | AX16: =IF(ISNUMBER(SEARCH(";internacional;",AA16)),1,0) -> 0 | AY16: =IF(AND(N16=1,('2 · Índice por país'!$B$25-D16)>'2 · Índice por país'!$B$26),0,N16) -> 2 | AZ16: =IF(SUM(AL16:AR16)<2,"",IF(AL16=1,"GL+","")&IF(AM16=1,"GN+","")&IF(AN16=1,"OIP+","")&IF(AO16=1,"EMP+","")&IF(AP16=1,"UNI+","")&IF(AQ16=1,"SC+","")&IF(AR16=1,"OI+","")) | BA16: =IF(AZ16="",0,IF(COUNTIFS($A$1:$A15,A16,$AZ$1:$AZ15,AZ16)=0,1,0)) -> 0
A17: CL | B17: Tenemos que hablar de Chile | C17: CL-tenemos-que-hablar-de-chile | D17: 2021 | E17: MEDIA (baseline 2025; sin señal web 2026 nueva) | F17: Iniciativa de diálogo y participación llevada a cabo por la UCH y PUC en el contexto de manifestaciones sociales | G17: Universidad de Chile y Pontificia Universidad Católica de Chile | J17: https://www.tenemosquehablardechile.cl/ https://static1.squarespace.com/static/630d0dbf05b8104ed4d55d7f/t/67f694b2f91e4f228bb941cb/1744213189210/01.+Primer-InformeTQHDCH.pdf | K17: sí | L17: Gobernanza Colaborativa | M17: Análisis | N17: 2 | O17: Uso único | P17: universidad | Q17: Mixto | R17: contenido | S17: Academia | T17: Nacional | U17: NLP - Tópicos | V17: no | W17: =";"&LOWER(SUBSTITUTE(SUBSTITUTE(SUBSTITUTE(L17,"; ",";"),", ",";"),",",";"))&";" -> ;gobernanza colaborativa; | X17: =";"&LOWER(SUBSTITUTE(SUBSTITUTE(SUBSTITUTE(M17,"; ",";"),", ",";"),",",";"))&";" -> ;análisis; | Y17: =";"&LOWER(SUBSTITUTE(SUBSTITUTE(SUBSTITUTE(P17,"; ",";"),", ",";"),",",";"))&";" -> ;universidad; | Z17: =";"&LOWER(SUBSTITUTE(SUBSTITUTE(SUBSTITUTE(S17,"; ",";"),", ",";"),",",";"))&";" -> ;academia; | AA17: =";"&LOWER(SUBSTITUTE(SUBSTITUTE(SUBSTITUTE(T17,"; ",";"),", ",";"),",",";"))&";" -> ;nacional; | AB17: =";"&LOWER(SUBSTITUTE(SUBSTITUTE(SUBSTITUTE(U17,"; ",";"),", ",";"),",",";"))&";" -> ;nlp - tópicos; | AC17: =IF(ISNUMBER(SEARCH(";participación digital;",W17)),1,0) -> 0 | AD17: =IF(ISNUMBER(SEARCH(";gobernanza colaborativa;",W17)),1,0) -> 1 | AE17: =IF(ISNUMBER(SEARCH(";mini públicos;",W17)),1,0) -> 0 | AF17: =IF(ISNUMBER(SEARCH(";referendos e iniciativas populares;",W17)),1,0) -> 0 | AG17: =IF(ISNUMBER(SEARCH(";presupuestos participativos;",W17)),1,0) -> 0 | AH17: =IF(ISNUMBER(SEARCH(";planificación;",X17)),1,0) -> 0 | AI17: =IF(ISNUMBER(SEARCH(";implementación;",X17)),1,0) -> 0 | AJ17: =IF(ISNUMBER(SEARCH(";análisis;",X17)),1,0) -> 1 | AK17: =IF(ISNUMBER(SEARCH("traducción",X17)),1,0) -> 0 | AL17: =IF(ISNUMBER(SEARCH(";gobierno local;",Y17)),1,0) -> 0 | AM17: =IF(ISNUMBER(SEARCH(";gobierno nacional;",Y17)),1,0) -> 0 | AN17: =IF(ISNUMBER(SEARCH(";otra institución pública;",Y17)),1,0) -> 0 | AO17: =IF(ISNUMBER(SEARCH(";empresa;",Y17)),1,0) -> 0 | AP17: =IF(ISNUMBER(SEARCH(";universidad;",Y17)),1,0) -> 1 | AQ17: =IF(ISNUMBER(SEARCH(";sociedad civil;",Y17)),1,0) -> 0 | AR17: =IF(ISNUMBER(SEARCH(";organización internacional;",Y17)),1,0) -> 0 | AS17: =IF(ISNUMBER(SEARCH(";privado;",Z17)),1,0) -> 0 | AT17: =IF(ISNUMBER(SEARCH(";academia;",Z17)),1,0) -> 1 | AU17: =IF(ISNUMBER(SEARCH(";gobierno;",Z17)),1,0) -> 0 | AV17: =IF(ISNUMBER(SEARCH(";sociedad civil;",Z17)),1,0) -> 0 | AW17: =IF(ISNUMBER(SEARCH(";nacional;",AA17)),1,0) -> 1 | AX17: =IF(ISNUMBER(SEARCH(";internacional;",AA17)),1,0) -> 0 | AY17: =IF(AND(N17=1,('2 · Índice por país'!$B$25-D17)>'2 · Índice por país'!$B$26),0,N17) -> 2 | AZ17: =IF(SUM(AL17:AR17)<2,"",IF(AL17=1,"GL+","")&IF(AM17=1,"GN+","")&IF(AN17=1,"OIP+","")&IF(AO17=1,"EMP+","")&IF(AP17=1,"UNI+","")&IF(AQ17=1,"SC+","")&IF(AR17=1,"OI+","")) | BA17: =IF(AZ17="",0,IF(COUNTIFS($A$1:$A16,A17,$AZ$1:$AZ16,AZ17)=0,1,0)) -> 0
A18: CL | B18: Un encuentro para la equidad de género en la movilidad en Chile | C18: CL-un-encuentro-para-la-equidad-de-genero-e | D18: 2023 | E18: MEDIA (baseline 2025; sin señal web 2026 nueva) | F18: Espacio participativo para levantar opiniones y propuestas de autoridades, miembros de la sociedad civil y académicos sobre la movilidad con perspectiva de género en Chile. | G18: Universidad Andres Bello | J18: https://ipp.unab.cl/el-centro-ciudhad-y-observatorio-territorial-del-ipp-unab-realizaron-la-jornada-participativa-un-encuentro-para-la-equidad-de-genero-en-la-movilidad-en-chile/ https://noticiasrepositorio.unab.cl/el-centro-ciudhad-y-observatorio-territorial-del-ipp-unab-realizaron-la-jornada-participativa-un-encuentro-para-la-equidad-de-genero-en-la-movilidad-en-chile/ https://public.tableau.com/app/profile/ivania.yovanovic/viz/UnencuentroparalaequidaddegneroenlamovilidadenChile-CIUDHAD/CIUDHADTransporteyGnero | K18: sí | L18: Gobernanza Colaborativa | M18: Análisis | N18: 2 | O18: Uso único | P18: universidad | Q18: Privado | R18: contenido | S18: Privado | T18: Nacional | U18: NLP - Tópicos | V18: no | W18: =";"&LOWER(SUBSTITUTE(SUBSTITUTE(SUBSTITUTE(L18,"; ",";"),", ",";"),",",";"))&";" -> ;gobernanza colaborativa; | X18: =";"&LOWER(SUBSTITUTE(SUBSTITUTE(SUBSTITUTE(M18,"; ",";"),", ",";"),",",";"))&";" -> ;análisis; | Y18: =";"&LOWER(SUBSTITUTE(SUBSTITUTE(SUBSTITUTE(P18,"; ",";"),", ",";"),",",";"))&";" -> ;universidad; | Z18: =";"&LOWER(SUBSTITUTE(SUBSTITUTE(SUBSTITUTE(S18,"; ",";"),", ",";"),",",";"))&";" -> ;privado; | AA18: =";"&LOWER(SUBSTITUTE(SUBSTITUTE(SUBSTITUTE(T18,"; ",";"),", ",";"),",",";"))&";" -> ;nacional; | AB18: =";"&LOWER(SUBSTITUTE(SUBSTITUTE(SUBSTITUTE(U18,"; ",";"),", ",";"),",",";"))&";" -> ;nlp - tópicos; | AC18: =IF(ISNUMBER(SEARCH(";participación digital;",W18)),1,0) -> 0 | AD18: =IF(ISNUMBER(SEARCH(";gobernanza colaborativa;",W18)),1,0) -> 1 | AE18: =IF(ISNUMBER(SEARCH(";mini públicos;",W18)),1,0) -> 0 | AF18: =IF(ISNUMBER(SEARCH(";referendos e iniciativas populares;",W18)),1,0) -> 0 | AG18: =IF(ISNUMBER(SEARCH(";presupuestos participativos;",W18)),1,0) -> 0 | AH18: =IF(ISNUMBER(SEARCH(";planificación;",X18)),1,0) -> 0 | AI18: =IF(ISNUMBER(SEARCH(";implementación;",X18)),1,0) -> 0 | AJ18: =IF(ISNUMBER(SEARCH(";análisis;",X18)),1,0) -> 1 | AK18: =IF(ISNUMBER(SEARCH("traducción",X18)),1,0) -> 0 | AL18: =IF(ISNUMBER(SEARCH(";gobierno local;",Y18)),1,0) -> 0 | AM18: =IF(ISNUMBER(SEARCH(";gobierno nacional;",Y18)),1,0) -> 0 | AN18: =IF(ISNUMBER(SEARCH(";otra institución pública;",Y18)),1,0) -> 0 | AO18: =IF(ISNUMBER(SEARCH(";empresa;",Y18)),1,0) -> 0 | AP18: =IF(ISNUMBER(SEARCH(";universidad;",Y18)),1,0) -> 1 | AQ18: =IF(ISNUMBER(SEARCH(";sociedad civil;",Y18)),1,0) -> 0 | AR18: =IF(ISNUMBER(SEARCH(";organización internacional;",Y18)),1,0) -> 0 | AS18: =IF(ISNUMBER(SEARCH(";privado;",Z18)),1,0) -> 1 | AT18: =IF(ISNUMBER(SEARCH(";academia;",Z18)),1,0) -> 0 | AU18: =IF(ISNUMBER(SEARCH(";gobierno;",Z18)),1,0) -> 0 | AV18: =IF(ISNUMBER(SEARCH(";sociedad civil;",Z18)),1,0) -> 0 | AW18: =IF(ISNUMBER(SEARCH(";nacional;",AA18)),1,0) -> 1 | AX18: =IF(ISNUMBER(SEARCH(";internacional;",AA18)),1,0) -> 0 | AY18: =IF(AND(N18=1,('2 · Índice por país'!$B$25-D18)>'2 · Índice por país'!$B$26),0,N18) -> 2 | AZ18: =IF(SUM(AL18:AR18)<2,"",IF(AL18=1,"GL+","")&IF(AM18=1,"GN+","")&IF(AN18=1,"OIP+","")&IF(AO18=1,"EMP+","")&IF(AP18=1,"UNI+","")&IF(AQ18=1,"SC+","")&IF(AR18=1,"OI+","")) | BA18: =IF(AZ18="",0,IF(COUNTIFS($A$1:$A17,A18,$AZ$1:$AZ17,AZ18)=0,1,0)) -> 0
A19: CO | B19: Chatico | C19: CO-chatico | D19: 2024 | E19: ALTA (baseline 2025 + reverif. web 2026) | F19: Agente virtual de Bogotá (Secretaría General) con módulos de PARTICIPACIÓN además de atención: votación de Causas Ciudadanas y de los Presupuestos Participativos (240.000+ votos desde 2022) y recepción de más de 147.000 aportes ciudadanos para la construcción del Plan Distrital de Desarrollo 'Bogotá Camina Segura' 2024-2027. Renovado con IA generativa (2026); atiende por WhatsApp/Telegram/webchat. | G19: Secretaría General de la Alcaldía Mayor de Bogotá | J19: https://secretariageneral.gov.co/noticias/chatico-el-agente-virtual-de-servicio-la-ciudadania-supero-los-36-millones-de-conversaciones https://bogota.gov.co/mi-ciudad/gestion-publica/distrito-presenta-su-agente-virtual-chatico-que-guia-la-ciudadania https://bogota.gov.co/mi-ciudad/participacion-y-cultura-ciudadana/plan-desarrollo-bogota-camina-segura-tuvo-147-mil-aportes-ciudadanos | K19: sí | L19: Presupuestos Participativos; Participación Digital | M19: Implementación | N19: 2 | O19: Plataforma | P19: gobierno local | Q19: Público | R19: contenido | S19: Privado; Gobierno | T19: Nacional | U19: NLP; LLM | V19: sí | W19: =";"&LOWER(SUBSTITUTE(SUBSTITUTE(SUBSTITUTE(L19,"; ",";"),", ",";"),",",";"))&";" -> ;presupuestos participativos;participación digital; | X19: =";"&LOWER(SUBSTITUTE(SUBSTITUTE(SUBSTITUTE(M19,"; ",";"),", ",";"),",",";"))&";" -> ;implementación; | Y19: =";"&LOWER(SUBSTITUTE(SUBSTITUTE(SUBSTITUTE(P19,"; ",";"),", ",";"),",",";"))&";" -> ;gobierno local; | Z19: =";"&LOWER(SUBSTITUTE(SUBSTITUTE(SUBSTITUTE(S19,"; ",";"),", ",";"),",",";"))&";" -> ;privado;gobierno; | AA19: =";"&LOWER(SUBSTITUTE(SUBSTITUTE(SUBSTITUTE(T19,"; ",";"),", ",";"),",",";"))&";" -> ;nacional; | AB19: =";"&LOWER(SUBSTITUTE(SUBSTITUTE(SUBSTITUTE(U19,"; ",";"),", ",";"),",",";"))&";" -> ;nlp;llm; | AC19: =IF(ISNUMBER(SEARCH(";participación digital;",W19)),1,0) -> 1 | AD19: =IF(ISNUMBER(SEARCH(";gobernanza colaborativa;",W19)),1,0) -> 0 | AE19: =IF(ISNUMBER(SEARCH(";mini públicos;",W19)),1,0) -> 0 | AF19: =IF(ISNUMBER(SEARCH(";referendos e iniciativas populares;",W19)),1,0) -> 0 | AG19: =IF(ISNUMBER(SEARCH(";presupuestos participativos;",W19)),1,0) -> 1 | AH19: =IF(ISNUMBER(SEARCH(";planificación;",X19)),1,0) -> 0 | AI19: =IF(ISNUMBER(SEARCH(";implementación;",X19)),1,0) -> 1 | AJ19: =IF(ISNUMBER(SEARCH(";análisis;",X19)),1,0) -> 0 | AK19: =IF(ISNUMBER(SEARCH("traducción",X19)),1,0) -> 0 | AL19: =IF(ISNUMBER(SEARCH(";gobierno local;",Y19)),1,0) -> 1 | AM19: =IF(ISNUMBER(SEARCH(";gobierno nacional;",Y19)),1,0) -> 0 | AN19: =IF(ISNUMBER(SEARCH(";otra institución pública;",Y19)),1,0) -> 0 | AO19: =IF(ISNUMBER(SEARCH(";empresa;",Y19)),1,0) -> 0 | AP19: =IF(ISNUMBER(SEARCH(";universidad;",Y19)),1,0) -> 0 | AQ19: =IF(ISNUMBER(SEARCH(";sociedad civil;",Y19)),1,0) -> 0 | AR19: =IF(ISNUMBER(SEARCH(";organización internacional;",Y19)),1,0) -> 0 | AS19: =IF(ISNUMBER(SEARCH(";privado;",Z19)),1,0) -> 1 | AT19: =IF(ISNUMBER(SEARCH(";academia;",Z19)),1,0) -> 0 | AU19: =IF(ISNUMBER(SEARCH(";gobierno;",Z19)),1,0) -> 1 | AV19: =IF(ISNUMBER(SEARCH(";sociedad civil;",Z19)),1,0) -> 0 | AW19: =IF(ISNUMBER(SEARCH(";nacional;",AA19)),1,0) -> 1 | AX19: =IF(ISNUMBER(SEARCH(";internacional;",AA19)),1,0) -> 0 | AY19: =IF(AND(N19=1,('2 · Índice por país'!$B$25-D19)>'2 · Índice por país'!$B$26),0,N19) -> 2 | AZ19: =IF(SUM(AL19:AR19)<2,"",IF(AL19=1,"GL+","")&IF(AM19=1,"GN+","")&IF(AN19=1,"OIP+","")&IF(AO19=1,"EMP+","")&IF(AP19=1,"UNI+","")&IF(AQ19=1,"SC+","")&IF(AR19=1,"OI+","")) | BA19: =IF(AZ19="",0,IF(COUNTIFS($A$1:$A18,A19,$AZ$1:$AZ18,AZ19)=0,1,0)) -> 0
A20: CO | B20: ECHO – HáblameD Medellín | C20: CO-echo-hablamed-medellin | D20: 2019 | E20: ALTA (baseline 2025 + reverif. web 2026) | F20: IA que capta voz ciudadana en debates guiados y clasifica cada enunciado en metas ODS, generando visualizaciones para la planificación territorial | G20: UNFPA Colombia (Laboratorio de Innovación) y Personería de Medellín | H20: Fue en 2019, pero parece que sí usaron herramientas de IA - IA no entendida como IA generativa | J20: https://colombia.unfpa.org/es/news/primeros-resultados-de-echo-en-colombia | K20: sí | L20: Gobernanza Colaborativa | M20: Implementación; Análisis | N20: 2 | O20: Uso único | P20: organización internacional; gobierno local | Q20: Mixto | R20: contenido | S20: Gobierno | T20: Internacional | U20: Voz a Texto; NLP; LLM | V20: sí | W20: =";"&LOWER(SUBSTITUTE(SUBSTITUTE(SUBSTITUTE(L20,"; ",";"),", ",";"),",",";"))&";" -> ;gobernanza colaborativa; | X20: =";"&LOWER(SUBSTITUTE(SUBSTITUTE(SUBSTITUTE(M20,"; ",";"),", ",";"),",",";"))&";" -> ;implementación;análisis; | Y20: =";"&LOWER(SUBSTITUTE(SUBSTITUTE(SUBSTITUTE(P20,"; ",";"),", ",";"),",",";"))&";" -> ;organización internacional;gobierno local; | Z20: =";"&LOWER(SUBSTITUTE(SUBSTITUTE(SUBSTITUTE(S20,"; ",";"),", ",";"),",",";"))&";" -> ;gobierno; | AA20: =";"&LOWER(SUBSTITUTE(SUBSTITUTE(SUBSTITUTE(T20,"; ",";"),", ",";"),",",";"))&";" -> ;internacional; | AB20: =";"&LOWER(SUBSTITUTE(SUBSTITUTE(SUBSTITUTE(U20,"; ",";"),", ",";"),",",";"))&";" -> ;voz a texto;nlp;llm; | AC20: =IF(ISNUMBER(SEARCH(";participación digital;",W20)),1,0) -> 0 | AD20: =IF(ISNUMBER(SEARCH(";gobernanza colaborativa;",W20)),1,0) -> 1 | AE20: =IF(ISNUMBER(SEARCH(";mini públicos;",W20)),1,0) -> 0 | AF20: =IF(ISNUMBER(SEARCH(";referendos e iniciativas populares;",W20)),1,0) -> 0 | AG20: =IF(ISNUMBER(SEARCH(";presupuestos participativos;",W20)),1,0) -> 0 | AH20: =IF(ISNUMBER(SEARCH(";planificación;",X20)),1,0) -> 0 | AI20: =IF(ISNUMBER(SEARCH(";implementación;",X20)),1,0) -> 1 | AJ20: =IF(ISNUMBER(SEARCH(";análisis;",X20)),1,0) -> 1 | AK20: =IF(ISNUMBER(SEARCH("traducción",X20)),1,0) -> 0 | AL20: =IF(ISNUMBER(SEARCH(";gobierno local;",Y20)),1,0) -> 1 | AM20: =IF(ISNUMBER(SEARCH(";gobierno nacional;",Y20)),1,0) -> 0 | AN20: =IF(ISNUMBER(SEARCH(";otra institución pública;",Y20)),1,0) -> 0 | AO20: =IF(ISNUMBER(SEARCH(";empresa;",Y20)),1,0) -> 0 | AP20: =IF(ISNUMBER(SEARCH(";universidad;",Y20)),1,0) -> 0 | AQ20: =IF(ISNUMBER(SEARCH(";sociedad civil;",Y20)),1,0) -> 0 | AR20: =IF(ISNUMBER(SEARCH(";organización internacional;",Y20)),1,0) -> 1 | AS20: =IF(ISNUMBER(SEARCH(";privado;",Z20)),1,0) -> 0 | AT20: =IF(ISNUMBER(SEARCH(";academia;",Z20)),1,0) -> 0 | AU20: =IF(ISNUMBER(SEARCH(";gobierno;",Z20)),1,0) -> 1 | AV20: =IF(ISNUMBER(SEARCH(";sociedad civil;",Z20)),1,0) -> 0 | AW20: =IF(ISNUMBER(SEARCH(";nacional;",AA20)),1,0) -> 0 | AX20: =IF(ISNUMBER(SEARCH(";internacional;",AA20)),1,0) -> 1 | AY20: =IF(AND(N20=1,('2 · Índice por país'!$B$25-D20)>'2 · Índice por país'!$B$26),0,N20) -> 2 | AZ20: =IF(SUM(AL20:AR20)<2,"",IF(AL20=1,"GL+","")&IF(AM20=1,"GN+","")&IF(AN20=1,"OIP+","")&IF(AO20=1,"EMP+","")&IF(AP20=1,"UNI+","")&IF(AQ20=1,"SC+","")&IF(AR20=1,"OI+","")) -> GL+OI+ | BA20: =IF(AZ20="",0,IF(COUNTIFS($A$1:$A19,A20,$AZ$1:$AZ19,AZ20)=0,1,0)) -> 1
A21: CO | B21: Tenemos que hablar de Colombia | C21: CO-tenemos-que-hablar-de-colombia | D21: 2022 | E21: MEDIA (baseline 2025; sin señal web 2026 nueva) | F21: Plataforma colaborativa de diálogo e incidencia ciudadana para la conversación entre diversos actores de la sociedad colombiana, surgido a partir de eventos de manifestaciones sociales. | G21: Alianza entre seis universidades colombianas (EAFIT, Universidad Nacional de Colombia, Universidad de los Andes, Universidad del Valle, Universidad del Norte y Universidad Industrial de Santander), con el apoyo del Grupo SURA y la Fundación Ideas para la Paz. | H21: Caso existe, pero las URLs ya no funcionan. URL reemplazada por Archive. | J21: https://web.archive.org/web/20230602174845/https://tenemosquehablarcolombia.co/ | K21: sí | L21: Gobernanza Colaborativa | M21: Análisis | N21: 2 | O21: Uso único | P21: universidad; empresa; sociedad civil | Q21: Mixto | R21: contenido | S21: Academia | T21: Nacional | U21: NLP - Tópicos; NLP - Sentiment | V21: no | W21: =";"&LOWER(SUBSTITUTE(SUBSTITUTE(SUBSTITUTE(L21,"; ",";"),", ",";"),",",";"))&";" -> ;gobernanza colaborativa; | X21: =";"&LOWER(SUBSTITUTE(SUBSTITUTE(SUBSTITUTE(M21,"; ",";"),", ",";"),",",";"))&";" -> ;análisis; | Y21: =";"&LOWER(SUBSTITUTE(SUBSTITUTE(SUBSTITUTE(P21,"; ",";"),", ",";"),",",";"))&";" -> ;universidad;empresa;sociedad civil; | Z21: =";"&LOWER(SUBSTITUTE(SUBSTITUTE(SUBSTITUTE(S21,"; ",";"),", ",";"),",",";"))&";" -> ;academia; | AA21: =";"&LOWER(SUBSTITUTE(SUBSTITUTE(SUBSTITUTE(T21,"; ",";"),", ",";"),",",";"))&";" -> ;nacional; | AB21: =";"&LOWER(SUBSTITUTE(SUBSTITUTE(SUBSTITUTE(U21,"; ",";"),", ",";"),",",";"))&";" -> ;nlp - tópicos;nlp - sentiment; | AC21: =IF(ISNUMBER(SEARCH(";participación digital;",W21)),1,0) -> 0 | AD21: =IF(ISNUMBER(SEARCH(";gobernanza colaborativa;",W21)),1,0) -> 1 | AE21: =IF(ISNUMBER(SEARCH(";mini públicos;",W21)),1,0) -> 0 | AF21: =IF(ISNUMBER(SEARCH(";referendos e iniciativas populares;",W21)),1,0) -> 0 | AG21: =IF(ISNUMBER(SEARCH(";presupuestos participativos;",W21)),1,0) -> 0 | AH21: =IF(ISNUMBER(SEARCH(";planificación;",X21)),1,0) -> 0 | AI21: =IF(ISNUMBER(SEARCH(";implementación;",X21)),1,0) -> 0 | AJ21: =IF(ISNUMBER(SEARCH(";análisis;",X21)),1,0) -> 1 | AK21: =IF(ISNUMBER(SEARCH("traducción",X21)),1,0) -> 0 | AL21: =IF(ISNUMBER(SEARCH(";gobierno local;",Y21)),1,0) -> 0 | AM21: =IF(ISNUMBER(SEARCH(";gobierno nacional;",Y21)),1,0) -> 0 | AN21: =IF(ISNUMBER(SEARCH(";otra institución pública;",Y21)),1,0) -> 0 | AO21: =IF(ISNUMBER(SEARCH(";empresa;",Y21)),1,0) -> 1 | AP21: =IF(ISNUMBER(SEARCH(";universidad;",Y21)),1,0) -> 1 | AQ21: =IF(ISNUMBER(SEARCH(";sociedad civil;",Y21)),1,0) -> 1 | AR21: =IF(ISNUMBER(SEARCH(";organización internacional;",Y21)),1,0) -> 0 | AS21: =IF(ISNUMBER(SEARCH(";privado;",Z21)),1,0) -> 0 | AT21: =IF(ISNUMBER(SEARCH(";academia;",Z21)),1,0) -> 1 | AU21: =IF(ISNUMBER(SEARCH(";gobierno;",Z21)),1,0) -> 0 | AV21: =IF(ISNUMBER(SEARCH(";sociedad civil;",Z21)),1,0) -> 0 | AW21: =IF(ISNUMBER(SEARCH(";nacional;",AA21)),1,0) -> 1 | AX21: =IF(ISNUMBER(SEARCH(";internacional;",AA21)),1,0) -> 0 | AY21: =IF(AND(N21=1,('2 · Índice por país'!$B$25-D21)>'2 · Índice por país'!$B$26),0,N21) -> 2 | AZ21: =IF(SUM(AL21:AR21)<2,"",IF(AL21=1,"GL+","")&IF(AM21=1,"GN+","")&IF(AN21=1,"OIP+","")&IF(AO21=1,"EMP+","")&IF(AP21=1,"UNI+","")&IF(AQ21=1,"SC+","")&IF(AR21=1,"OI+","")) -> EMP+UNI+SC+ | BA21: =IF(AZ21="",0,IF(COUNTIFS($A$1:$A20,A21,$AZ$1:$AZ20,AZ21)=0,1,0)) -> 1
A22: CU | B22: Consulta Popular Código de las Familias (GEMA-CEN / XISCOP) | C22: CU-consulta-popular-codigo-de-las-familias | D22: 2022 | E22: ALTA | F22: Consulta popular legislativa nacional sobre el proyecto del Código de las Familias en Cuba, organizada y supervisada por el Consejo Electoral Nacional (CEN). Se desarrolló entre febrero y abril de 2022 mediante más de 79.000 reuniones en barrios, centros laborales y estudiantiles, con la participación de unos 6.481.200 personas que emitieron opiniones y propuestas sobre el articulado del proyecto de ley. Las propuestas recogidas eran revisadas y clasificadas por juristas en el sistema XISCOP y luego procesadas en el sistema GEMA-CEN, que mediante 'análisis inteligente de los expedientes' agrupaba propuestas similares y determinaba 'propuestas típicas' por párrafo/categoría (se determinaron 5.237 propuestas típicas por Título). XISCOP (UCI) emitía además las estadísticas oficiales. El proceso de consulta cerró en abril de 2022; el Código fue aprobado posteriormente en referendo el 25 de septiembre de 2022. | G22: Consejo Electoral Nacional (CEN) de Cuba como órgano organizador y supervisor de la consulta popular. El procesamiento informático se apoyó en dos sistemas: XISCOP, desarrollado por la Universidad de las Ciencias Informáticas (UCI), para la entrada, revisión, clasificación y estadísticas oficiales; y GEMA-CEN, basado en el producto GEMA de la empresa estatal Datys, para el 'análisis inteligente' y agrupamiento de las propuestas. La Asamblea Nacional del Poder Popular y la Comisión redactora del Ministerio de Justicia recibieron los resultados. | H22: No se ve participación de GOB, se elimina eso. Una sola de las fuentes funciona. | J22: https://www.granma.cu/cuba/2022-01-24/herramientas-digitales-seran-claves-durante-la-consulta-popular-del-codigo-de-las-familias-24-01-2022-13-01-18 | K22: sí | L22: Participación Digital; Referendos e Iniciativas Populares | M22: Análisis | N22: 2 | O22: Uso único | P22: gobierno nacional | Q22: Público | R22: contenido | S22: Privado; Academia | T22: Nacional | U22: NLP; Minería de texto; Recuperación de información; Clasificación automática de documentos | V22: no | W22: =";"&LOWER(SUBSTITUTE(SUBSTITUTE(SUBSTITUTE(L22,"; ",";"),", ",";"),",",";"))&";" -> ;participación digital;referendos e iniciativas populares; | X22: =";"&LOWER(SUBSTITUTE(SUBSTITUTE(SUBSTITUTE(M22,"; ",";"),", ",";"),",",";"))&";" -> ;análisis; | Y22: =";"&LOWER(SUBSTITUTE(SUBSTITUTE(SUBSTITUTE(P22,"; ",";"),", ",";"),",",";"))&";" -> ;gobierno nacional; | Z22: =";"&LOWER(SUBSTITUTE(SUBSTITUTE(SUBSTITUTE(S22,"; ",";"),", ",";"),",",";"))&";" -> ;privado;academia; | AA22: =";"&LOWER(SUBSTITUTE(SUBSTITUTE(SUBSTITUTE(T22,"; ",";"),", ",";"),",",";"))&";" -> ;nacional; | AB22: =";"&LOWER(SUBSTITUTE(SUBSTITUTE(SUBSTITUTE(U22,"; ",";"),", ",";"),",",";"))&";" -> ;nlp;minería de texto;recuperación de información;clasificación automática de documentos; | AC22: =IF(ISNUMBER(SEARCH(";participación digital;",W22)),1,0) -> 1 | AD22: =IF(ISNUMBER(SEARCH(";gobernanza colaborativa;",W22)),1,0) -> 0 | AE22: =IF(ISNUMBER(SEARCH(";mini públicos;",W22)),1,0) -> 0 | AF22: =IF(ISNUMBER(SEARCH(";referendos e iniciativas populares;",W22)),1,0) -> 1 | AG22: =IF(ISNUMBER(SEARCH(";presupuestos participativos;",W22)),1,0) -> 0 | AH22: =IF(ISNUMBER(SEARCH(";planificación;",X22)),1,0) -> 0 | AI22: =IF(ISNUMBER(SEARCH(";implementación;",X22)),1,0) -> 0 | AJ22: =IF(ISNUMBER(SEARCH(";análisis;",X22)),1,0) -> 1 | AK22: =IF(ISNUMBER(SEARCH("traducción",X22)),1,0) -> 0 | AL22: =IF(ISNUMBER(SEARCH(";gobierno local;",Y22)),1,0) -> 0 | AM22: =IF(ISNUMBER(SEARCH(";gobierno nacional;",Y22)),1,0) -> 1 | AN22: =IF(ISNUMBER(SEARCH(";otra institución pública;",Y22)),1,0) -> 0 | AO22: =IF(ISNUMBER(SEARCH(";empresa;",Y22)),1,0) -> 0 | AP22: =IF(ISNUMBER(SEARCH(";universidad;",Y22)),1,0) -> 0 | AQ22: =IF(ISNUMBER(SEARCH(";sociedad civil;",Y22)),1,0) -> 0 | AR22: =IF(ISNUMBER(SEARCH(";organización internacional;",Y22)),1,0) -> 0 | AS22: =IF(ISNUMBER(SEARCH(";privado;",Z22)),1,0) -> 1 | AT22: =IF(ISNUMBER(SEARCH(";academia;",Z22)),1,0) -> 1 | AU22: =IF(ISNUMBER(SEARCH(";gobierno;",Z22)),1,0) -> 0 | AV22: =IF(ISNUMBER(SEARCH(";sociedad civil;",Z22)),1,0) -> 0 | AW22: =IF(ISNUMBER(SEARCH(";nacional;",AA22)),1,0) -> 1 | AX22: =IF(ISNUMBER(SEARCH(";internacional;",AA22)),1,0) -> 0 | AY22: =IF(AND(N22=1,('2 · Índice por país'!$B$25-D22)>'2 · Índice por país'!$B$26),0,N22) -> 2 | AZ22: =IF(SUM(AL22:AR22)<2,"",IF(AL22=1,"GL+","")&IF(AM22=1,"GN+","")&IF(AN22=1,"OIP+","")&IF(AO22=1,"EMP+","")&IF(AP22=1,"UNI+","")&IF(AQ22=1,"SC+","")&IF(AR22=1,"OI+","")) | BA22: =IF(AZ22="",0,IF(COUNTIFS($A$1:$A21,A22,$AZ$1:$AZ21,AZ22)=0,1,0)) -> 0
A23: EC | B23: PAGA IA | C23: EC-paga-ia | D23: 2023 | E23: ALTA (baseline 2025 + reverif. web 2026) | F23: Plataforma que utiliza inteligencia artificial para asistir en la creación de compromisos de Estado Abierto. Analiza datos de planes de acción de gobierno abierto de Ecuador y otros países de Hispanoamérica para sugerir actividades e hitos relacionados con temas propuestos por los usuarios | G23: Gobierno Abierto Ecuador, en colaboración con la Fundación de Ayuda por Internet (Fundapi) | J23: https://ia.gobiernoabierto.ec/ https://ia.gobiernoabierto.ec/acercade | K23: sí | L23: Referendos e Iniciativas Populares | M23: Implementación | N23: 2 | O23: Plataforma | P23: gobierno nacional; sociedad civil | Q23: Mixto | R23: contenido | S23: Sociedad Civil | T23: Nacional | U23: LLM | V23: sí | W23: =";"&LOWER(SUBSTITUTE(SUBSTITUTE(SUBSTITUTE(L23,"; ",";"),", ",";"),",",";"))&";" -> ;referendos e iniciativas populares; | X23: =";"&LOWER(SUBSTITUTE(SUBSTITUTE(SUBSTITUTE(M23,"; ",";"),", ",";"),",",";"))&";" -> ;implementación; | Y23: =";"&LOWER(SUBSTITUTE(SUBSTITUTE(SUBSTITUTE(P23,"; ",";"),", ",";"),",",";"))&";" -> ;gobierno nacional;sociedad civil; | Z23: =";"&LOWER(SUBSTITUTE(SUBSTITUTE(SUBSTITUTE(S23,"; ",";"),", ",";"),",",";"))&";" -> ;sociedad civil; | AA23: =";"&LOWER(SUBSTITUTE(SUBSTITUTE(SUBSTITUTE(T23,"; ",";"),", ",";"),",",";"))&";" -> ;nacional; | AB23: =";"&LOWER(SUBSTITUTE(SUBSTITUTE(SUBSTITUTE(U23,"; ",";"),", ",";"),",",";"))&";" -> ;llm; | AC23: =IF(ISNUMBER(SEARCH(";participación digital;",W23)),1,0) -> 0 | AD23: =IF(ISNUMBER(SEARCH(";gobernanza colaborativa;",W23)),1,0) -> 0 | AE23: =IF(ISNUMBER(SEARCH(";mini públicos;",W23)),1,0) -> 0 | AF23: =IF(ISNUMBER(SEARCH(";referendos e iniciativas populares;",W23)),1,0) -> 1 | AG23: =IF(ISNUMBER(SEARCH(";presupuestos participativos;",W23)),1,0) -> 0 | AH23: =IF(ISNUMBER(SEARCH(";planificación;",X23)),1,0) -> 0 | AI23: =IF(ISNUMBER(SEARCH(";implementación;",X23)),1,0) -> 1 | AJ23: =IF(ISNUMBER(SEARCH(";análisis;",X23)),1,0) -> 0 | AK23: =IF(ISNUMBER(SEARCH("traducción",X23)),1,0) -> 0 | AL23: =IF(ISNUMBER(SEARCH(";gobierno local;",Y23)),1,0) -> 0 | AM23: =IF(ISNUMBER(SEARCH(";gobierno nacional;",Y23)),1,0) -> 1 | AN23: =IF(ISNUMBER(SEARCH(";otra institución pública;",Y23)),1,0) -> 0 | AO23: =IF(ISNUMBER(SEARCH(";empresa;",Y23)),1,0) -> 0 | AP23: =IF(ISNUMBER(SEARCH(";universidad;",Y23)),1,0) -> 0 | AQ23: =IF(ISNUMBER(SEARCH(";sociedad civil;",Y23)),1,0) -> 1 | AR23: =IF(ISNUMBER(SEARCH(";organización internacional;",Y23)),1,0) -> 0 | AS23: =IF(ISNUMBER(SEARCH(";privado;",Z23)),1,0) -> 0 | AT23: =IF(ISNUMBER(SEARCH(";academia;",Z23)),1,0) -> 0 | AU23: =IF(ISNUMBER(SEARCH(";gobierno;",Z23)),1,0) -> 0 | AV23: =IF(ISNUMBER(SEARCH(";sociedad civil;",Z23)),1,0) -> 1 | AW23: =IF(ISNUMBER(SEARCH(";nacional;",AA23)),1,0) -> 1 | AX23: =IF(ISNUMBER(SEARCH(";internacional;",AA23)),1,0) -> 0 | AY23: =IF(AND(N23=1,('2 · Índice por país'!$B$25-D23)>'2 · Índice por país'!$B$26),0,N23) -> 2 | AZ23: =IF(SUM(AL23:AR23)<2,"",IF(AL23=1,"GL+","")&IF(AM23=1,"GN+","")&IF(AN23=1,"OIP+","")&IF(AO23=1,"EMP+","")&IF(AP23=1,"UNI+","")&IF(AQ23=1,"SC+","")&IF(AR23=1,"OI+","")) -> GN+SC+ | BA23: =IF(AZ23="",0,IF(COUNTIFS($A$1:$A22,A23,$AZ$1:$AZ22,AZ23)=0,1,0)) -> 1
A24: GT | B24: Guatemala Joven Conversa | C24: GT-guatemala-joven-conversa | D24: 2024 | E24: ALTA (baseline 2025 + reverif. web 2026) | F24: Iniciativa de diálogos digitales asistidos por inteligencia artificial que reunió a más de 300 jóvenes de los 22 departamentos de Guatemala para discutir temas como la reforma electoral, la participación juvenil en el desarrollo y la lucha contra la corrupción. | G24: Oficina del Coordinador Residente de las Naciones Unidas en Guatemala y Fundación Esquipulas para la Paz, la Democracia, el Desarrollo y la Integración | H24: 2 URLs ya no funcionaban, pero sí existe y está validada la información. | J24: https://dppa.medium.com/usando-el-poder-de-la-ia-para-impulsar-la-participaci%C3%B3n-pol%C3%ADtica-de-los-j%C3%B3venes-en-guatemala-6f6d7bf45a47 | K24: sí | L24: Gobernanza Colaborativa | M24: Implementación; Análisis | N24: 2 | O24: Uso único | P24: organización internacional; sociedad civil | Q24: Mixto | R24: contenido | S24: Privado | T24: Internacional | U24: NLP - Sentiment; NLP - Tópicos | V24: no | W24: =";"&LOWER(SUBSTITUTE(SUBSTITUTE(SUBSTITUTE(L24,"; ",";"),", ",";"),",",";"))&";" -> ;gobernanza colaborativa; | X24: =";"&LOWER(SUBSTITUTE(SUBSTITUTE(SUBSTITUTE(M24,"; ",";"),", ",";"),",",";"))&";" -> ;implementación;análisis; | Y24: =";"&LOWER(SUBSTITUTE(SUBSTITUTE(SUBSTITUTE(P24,"; ",";"),", ",";"),",",";"))&";" -> ;organización internacional;sociedad civil; | Z24: =";"&LOWER(SUBSTITUTE(SUBSTITUTE(SUBSTITUTE(S24,"; ",";"),", ",";"),",",";"))&";" -> ;privado; | AA24: =";"&LOWER(SUBSTITUTE(SUBSTITUTE(SUBSTITUTE(T24,"; ",";"),", ",";"),",",";"))&";" -> ;internacional; | AB24: =";"&LOWER(SUBSTITUTE(SUBSTITUTE(SUBSTITUTE(U24,"; ",";"),", ",";"),",",";"))&";" -> ;nlp - sentiment;nlp - tópicos; | AC24: =IF(ISNUMBER(SEARCH(";participación digital;",W24)),1,0) -> 0 | AD24: =IF(ISNUMBER(SEARCH(";gobernanza colaborativa;",W24)),1,0) -> 1 | AE24: =IF(ISNUMBER(SEARCH(";mini públicos;",W24)),1,0) -> 0 | AF24: =IF(ISNUMBER(SEARCH(";referendos e iniciativas populares;",W24)),1,0) -> 0 | AG24: =IF(ISNUMBER(SEARCH(";presupuestos participativos;",W24)),1,0) -> 0 | AH24: =IF(ISNUMBER(SEARCH(";planificación;",X24)),1,0) -> 0 | AI24: =IF(ISNUMBER(SEARCH(";implementación;",X24)),1,0) -> 1 | AJ24: =IF(ISNUMBER(SEARCH(";análisis;",X24)),1,0) -> 1 | AK24: =IF(ISNUMBER(SEARCH("traducción",X24)),1,0) -> 0 | AL24: =IF(ISNUMBER(SEARCH(";gobierno local;",Y24)),1,0) -> 0 | AM24: =IF(ISNUMBER(SEARCH(";gobierno nacional;",Y24)),1,0) -> 0 | AN24: =IF(ISNUMBER(SEARCH(";otra institución pública;",Y24)),1,0) -> 0 | AO24: =IF(ISNUMBER(SEARCH(";empresa;",Y24)),1,0) -> 0 | AP24: =IF(ISNUMBER(SEARCH(";universidad;",Y24)),1,0) -> 0 | AQ24: =IF(ISNUMBER(SEARCH(";sociedad civil;",Y24)),1,0) -> 1 | AR24: =IF(ISNUMBER(SEARCH(";organización internacional;",Y24)),1,0) -> 1 | AS24: =IF(ISNUMBER(SEARCH(";privado;",Z24)),1,0) -> 1 | AT24: =IF(ISNUMBER(SEARCH(";academia;",Z24)),1,0) -> 0 | AU24: =IF(ISNUMBER(SEARCH(";gobierno;",Z24)),1,0) -> 0 | AV24: =IF(ISNUMBER(SEARCH(";sociedad civil;",Z24)),1,0) -> 0 | AW24: =IF(ISNUMBER(SEARCH(";nacional;",AA24)),1,0) -> 0 | AX24: =IF(ISNUMBER(SEARCH(";internacional;",AA24)),1,0) -> 1 | AY24: =IF(AND(N24=1,('2 · Índice por país'!$B$25-D24)>'2 · Índice por país'!$B$26),0,N24) -> 2 | AZ24: =IF(SUM(AL24:AR24)<2,"",IF(AL24=1,"GL+","")&IF(AM24=1,"GN+","")&IF(AN24=1,"OIP+","")&IF(AO24=1,"EMP+","")&IF(AP24=1,"UNI+","")&IF(AQ24=1,"SC+","")&IF(AR24=1,"OI+","")) -> SC+OI+ | BA24: =IF(AZ24="",0,IF(COUNTIFS($A$1:$A23,A24,$AZ$1:$AZ23,AZ24)=0,1,0)) -> 1
A25: MX | B25: Guanajuato InteliGENTE 2024-2030 (Programa de Gobierno del Estado de Guanajuato) | C25: MX-guanajuato-inteligente-2024-2030 | D25: 2024 | E25: MEDIA | F25: Elaboración del Programa de Gobierno del Estado de Guanajuato 2024-2030 ('Gobierno de la Gente'), un plan de gobierno construido con participación ciudadana: se recorrió el territorio y se realizaron cuatro talleres regionales (noreste, norte, centro y sur) con representación de los 46 municipios, integrando la voz de más de 26,000 personas mediante talleres y consultas. El contenido fue validado por el Consejo de Planeación para el Desarrollo del Estado de Guanajuato (COPLADEG), conformado por ciudadanía, la Gobernadora, secretarios de cada eje e IPLANEG. Se utilizaron herramientas de inteligencia artificial para procesar y organizar las miles de ideas y propuestas recibidas, identificar las prioridades más mencionadas por la ciudadanía y entender las necesidades de cada región, transformando el diálogo social en datos para la toma de decisiones que alimentaron los ejes del programa. Adicionalmente existe la asistente virtual 'Esperanza' para consultar el programa ya publicado. | G25: Gobierno del Estado de Guanajuato — Instituto de Planeación, Estadística y Geografía del Estado de Guanajuato (IPLANEG), con validación del COPLADEG. Titular: Gobernadora Libia Dennise García Muñoz Ledo. | H25: Validado. Se ajustó solo a Gobernanza Colaborativa el proceso. | J25: https://guanajuatointeligente.com/como-hicimos-el-programa/ https://iplaneg.guanajuato.gob.mx/programagobierno24-30/ https://iplaneg.guanajuato.gob.mx/wp-content/uploads/03-2.05-Diagnostico-Programa-de-Gobierno-2024-2030-_Diagnostico-Estatal-2025_.pdf | K25: sí | L25: Gobernanza Colaborativa | M25: Análisis | N25: 2 | O25: Uso único | P25: gobierno local | Q25: Público | R25: contenido | S25: Gobierno | T25: Nacional | U25: NLP; Otros(no especificado) | V25: no-claro | W25: =";"&LOWER(SUBSTITUTE(SUBSTITUTE(SUBSTITUTE(L25,"; ",";"),", ",";"),",",";"))&";" -> ;gobernanza colaborativa; | X25: =";"&LOWER(SUBSTITUTE(SUBSTITUTE(SUBSTITUTE(M25,"; ",";"),", ",";"),",",";"))&";" -> ;análisis; | Y25: =";"&LOWER(SUBSTITUTE(SUBSTITUTE(SUBSTITUTE(P25,"; ",";"),", ",";"),",",";"))&";" -> ;gobierno local; | Z25: =";"&LOWER(SUBSTITUTE(SUBSTITUTE(SUBSTITUTE(S25,"; ",";"),", ",";"),",",";"))&";" -> ;gobierno; | AA25: =";"&LOWER(SUBSTITUTE(SUBSTITUTE(SUBSTITUTE(T25,"; ",";"),", ",";"),",",";"))&";" -> ;nacional; | AB25: =";"&LOWER(SUBSTITUTE(SUBSTITUTE(SUBSTITUTE(U25,"; ",";"),", ",";"),",",";"))&";" -> ;nlp;otros(no especificado); | AC25: =IF(ISNUMBER(SEARCH(";participación digital;",W25)),1,0) -> 0 | AD25: =IF(ISNUMBER(SEARCH(";gobernanza colaborativa;",W25)),1,0) -> 1 | AE25: =IF(ISNUMBER(SEARCH(";mini públicos;",W25)),1,0) -> 0 | AF25: =IF(ISNUMBER(SEARCH(";referendos e iniciativas populares;",W25)),1,0) -> 0 | AG25: =IF(ISNUMBER(SEARCH(";presupuestos participativos;",W25)),1,0) -> 0 | AH25: =IF(ISNUMBER(SEARCH(";planificación;",X25)),1,0) -> 0 | AI25: =IF(ISNUMBER(SEARCH(";implementación;",X25)),1,0) -> 0 | AJ25: =IF(ISNUMBER(SEARCH(";análisis;",X25)),1,0) -> 1 | AK25: =IF(ISNUMBER(SEARCH("traducción",X25)),1,0) -> 0 | AL25: =IF(ISNUMBER(SEARCH(";gobierno local;",Y25)),1,0) -> 1 | AM25: =IF(ISNUMBER(SEARCH(";gobierno nacional;",Y25)),1,0) -> 0 | AN25: =IF(ISNUMBER(SEARCH(";otra institución pública;",Y25)),1,0) -> 0 | AO25: =IF(ISNUMBER(SEARCH(";empresa;",Y25)),1,0) -> 0 | AP25: =IF(ISNUMBER(SEARCH(";universidad;",Y25)),1,0) -> 0 | AQ25: =IF(ISNUMBER(SEARCH(";sociedad civil;",Y25)),1,0) -> 0 | AR25: =IF(ISNUMBER(SEARCH(";organización internacional;",Y25)),1,0) -> 0 | AS25: =IF(ISNUMBER(SEARCH(";privado;",Z25)),1,0) -> 0 | AT25: =IF(ISNUMBER(SEARCH(";academia;",Z25)),1,0) -> 0 | AU25: =IF(ISNUMBER(SEARCH(";gobierno;",Z25)),1,0) -> 1 | AV25: =IF(ISNUMBER(SEARCH(";sociedad civil;",Z25)),1,0) -> 0 | AW25: =IF(ISNUMBER(SEARCH(";nacional;",AA25)),1,0) -> 1 | AX25: =IF(ISNUMBER(SEARCH(";internacional;",AA25)),1,0) -> 0 | AY25: =IF(AND(N25=1,('2 · Índice por país'!$B$25-D25)>'2 · Índice por país'!$B$26),0,N25) -> 2 | AZ25: =IF(SUM(AL25:AR25)<2,"",IF(AL25=1,"GL+","")&IF(AM25=1,"GN+","")&IF(AN25=1,"OIP+","")&IF(AO25=1,"EMP+","")&IF(AP25=1,"UNI+","")&IF(AQ25=1,"SC+","")&IF(AR25=1,"OI+","")) | BA25: =IF(AZ25="",0,IF(COUNTIFS($A$1:$A24,A25,$AZ$1:$AZ24,AZ25)=0,1,0)) -> 0
A26: PA | B26: Mansa Idea (Pacto del Bicentenario "Cerremos la Brecha", Panamá) | C26: PA-mansa-idea-pacto-del-bicentenario | D26: 2024 | E26: ALTA | F26: Mansa Idea (www.mansaidea.com) es una plataforma digital basada en inteligencia artificial lanzada el 1 de abril de 2024 por la Fundación Panamá Participa (sociedad civil), liderada por Paulina Franceschi. La plataforma organiza y hace navegables más de 175.000 ideas y propuestas ciudadanas generadas durante el Pacto del Bicentenario 'Cerrando Brechas' (proceso participativo nacional convocado por el gobierno de Panamá / Concertación Nacional, presidente Cortizo, 2020-2021), agregando los consensos nacionales y regionales/provinciales por tema en un solo clic. La IA se aplica sobre el CONTENIDO de los aportes ciudadanos (organiza, agrega y sintetiza el corpus de propuestas) para convertirlo en una base de datos navegable. El uso de la IA es un tratamiento PUNTERAL (~2024) de un corpus histórico de un proceso participativo ya cerrado (el Pacto fue 2020-2021), orientado a elevar el nivel de la conversación electoral 2024 y a dotar a candidatos, medios y ciudadanía de una herramienta para alinear planes con las necesidades de la población y monitorear el mandato ciudadano. IMPORTANTE: el proceso participativo original (recolección de aportes) fue convocado por el gobierno; la capa de IA (Mansa Idea) la desarrolla la sociedad civil sobre ese corpus ya recolectado. | G26: Fundación Panamá Participa (sociedad civil, Panamá), iniciativa liderada por Paulina Franceschi. El proceso participativo de origen (Pacto del Bicentenario 'Cerrando Brechas') fue convocado por el Gobierno de Panamá a través del mecanismo de Concertación Nacional para el Desarrollo (presidente Laurentino Cortizo), con apoyo del PNUD. | H26: Es puntual, no es claro qué herramienta de IA usaron, pero sí hay trazas que usa. | J26: https://mansaidea.com/ | K26: sí | L26: Participación Digital | M26: Traducción | N26: 2 | O26: Plataforma | P26: sociedad civil; gobierno nacional | Q26: Privado | R26: contenido | S26: Sociedad Civil | T26: Nacional | U26: null | V26: no-claro | W26: =";"&LOWER(SUBSTITUTE(SUBSTITUTE(SUBSTITUTE(L26,"; ",";"),", ",";"),",",";"))&";" -> ;participación digital; | X26: =";"&LOWER(SUBSTITUTE(SUBSTITUTE(SUBSTITUTE(M26,"; ",";"),", ",";"),",",";"))&";" -> ;traducción; | Y26: =";"&LOWER(SUBSTITUTE(SUBSTITUTE(SUBSTITUTE(P26,"; ",";"),", ",";"),",",";"))&";" -> ;sociedad civil;gobierno nacional; | Z26: =";"&LOWER(SUBSTITUTE(SUBSTITUTE(SUBSTITUTE(S26,"; ",";"),", ",";"),",",";"))&";" -> ;sociedad civil; | AA26: =";"&LOWER(SUBSTITUTE(SUBSTITUTE(SUBSTITUTE(T26,"; ",";"),", ",";"),",",";"))&";" -> ;nacional; | AB26: =";"&LOWER(SUBSTITUTE(SUBSTITUTE(SUBSTITUTE(U26,"; ",";"),", ",";"),",",";"))&";" -> ;null; | AC26: =IF(ISNUMBER(SEARCH(";participación digital;",W26)),1,0) -> 1 | AD26: =IF(ISNUMBER(SEARCH(";gobernanza colaborativa;",W26)),1,0) -> 0 | AE26: =IF(ISNUMBER(SEARCH(";mini públicos;",W26)),1,0) -> 0 | AF26: =IF(ISNUMBER(SEARCH(";referendos e iniciativas populares;",W26)),1,0) -> 0 | AG26: =IF(ISNUMBER(SEARCH(";presupuestos participativos;",W26)),1,0) -> 0 | AH26: =IF(ISNUMBER(SEARCH(";planificación;",X26)),1,0) -> 0 | AI26: =IF(ISNUMBER(SEARCH(";implementación;",X26)),1,0) -> 0 | AJ26: =IF(ISNUMBER(SEARCH(";análisis;",X26)),1,0) -> 0 | AK26: =IF(ISNUMBER(SEARCH("traducción",X26)),1,0) -> 1 | AL26: =IF(ISNUMBER(SEARCH(";gobierno local;",Y26)),1,0) -> 0 | AM26: =IF(ISNUMBER(SEARCH(";gobierno nacional;",Y26)),1,0) -> 1 | AN26: =IF(ISNUMBER(SEARCH(";otra institución pública;",Y26)),1,0) -> 0 | AO26: =IF(ISNUMBER(SEARCH(";empresa;",Y26)),1,0) -> 0 | AP26: =IF(ISNUMBER(SEARCH(";universidad;",Y26)),1,0) -> 0 | AQ26: =IF(ISNUMBER(SEARCH(";sociedad civil;",Y26)),1,0) -> 1 | AR26: =IF(ISNUMBER(SEARCH(";organización internacional;",Y26)),1,0) -> 0 | AS26: =IF(ISNUMBER(SEARCH(";privado;",Z26)),1,0) -> 0 | AT26: =IF(ISNUMBER(SEARCH(";academia;",Z26)),1,0) -> 0 | AU26: =IF(ISNUMBER(SEARCH(";gobierno;",Z26)),1,0) -> 0 | AV26: =IF(ISNUMBER(SEARCH(";sociedad civil;",Z26)),1,0) -> 1 | AW26: =IF(ISNUMBER(SEARCH(";nacional;",AA26)),1,0) -> 1 | AX26: =IF(ISNUMBER(SEARCH(";internacional;",AA26)),1,0) -> 0 | AY26: =IF(AND(N26=1,('2 · Índice por país'!$B$25-D26)>'2 · Índice por país'!$B$26),0,N26) -> 2 | AZ26: =IF(SUM(AL26:AR26)<2,"",IF(AL26=1,"GL+","")&IF(AM26=1,"GN+","")&IF(AN26=1,"OIP+","")&IF(AO26=1,"EMP+","")&IF(AP26=1,"UNI+","")&IF(AQ26=1,"SC+","")&IF(AR26=1,"OI+","")) -> GN+SC+ | BA26: =IF(AZ26="",0,IF(COUNTIFS($A$1:$A25,A26,$AZ$1:$AZ25,AZ26)=0,1,0)) -> 1
A27: PE | B27: Consulta Ciudadana sobre el Proyecto Nacional de Educación | C27: PE-consulta-ciudadana-sobre-el-proyecto-nac | D27: 2019 | E27: ALTA (baseline 2025 + reverif. web 2026) | F27: Una consulta pública para recoger opiniones sobre el Proyecto Educativo Nacional 2036, utilizando encuestas en línea, talleres y mesas deliberativas. | G27: Consejo Nacional de Educación del Perú | J27: https://www.gob.pe/institucion/cne/noticias/502734-lanzan-consulta-ciudadana-por-el-proyecto-educativo-nacional https://cdn.www.gob.pe/uploads/document/file/1915017/CNE-%20proyecto-educativo-nacional-al-2036.pdf.pdf?v=1679434080 https://andina.pe/agencia/noticia-usan-inteligencia-artificial-para-formular-proyecto-educativo-nacional-al-2036-777369.aspx | K27: sí | L27: Gobernanza Colaborativa | M27: Análisis | N27: 2 | O27: Uso único | P27: otra institución pública | Q27: Público | R27: contenido | S27: Privado | T27: Internacional | U27: NLP - Tópicos; NLP - Sentiment | V27: no | W27: =";"&LOWER(SUBSTITUTE(SUBSTITUTE(SUBSTITUTE(L27,"; ",";"),", ",";"),",",";"))&";" -> ;gobernanza colaborativa; | X27: =";"&LOWER(SUBSTITUTE(SUBSTITUTE(SUBSTITUTE(M27,"; ",";"),", ",";"),",",";"))&";" -> ;análisis; | Y27: =";"&LOWER(SUBSTITUTE(SUBSTITUTE(SUBSTITUTE(P27,"; ",";"),", ",";"),",",";"))&";" -> ;otra institución pública; | Z27: =";"&LOWER(SUBSTITUTE(SUBSTITUTE(SUBSTITUTE(S27,"; ",";"),", ",";"),",",";"))&";" -> ;privado; | AA27: =";"&LOWER(SUBSTITUTE(SUBSTITUTE(SUBSTITUTE(T27,"; ",";"),", ",";"),",",";"))&";" -> ;internacional; | AB27: =";"&LOWER(SUBSTITUTE(SUBSTITUTE(SUBSTITUTE(U27,"; ",";"),", ",";"),",",";"))&";" -> ;nlp - tópicos;nlp - sentiment; | AC27: =IF(ISNUMBER(SEARCH(";participación digital;",W27)),1,0) -> 0 | AD27: =IF(ISNUMBER(SEARCH(";gobernanza colaborativa;",W27)),1,0) -> 1 | AE27: =IF(ISNUMBER(SEARCH(";mini públicos;",W27)),1,0) -> 0 | AF27: =IF(ISNUMBER(SEARCH(";referendos e iniciativas populares;",W27)),1,0) -> 0 | AG27: =IF(ISNUMBER(SEARCH(";presupuestos participativos;",W27)),1,0) -> 0 | AH27: =IF(ISNUMBER(SEARCH(";planificación;",X27)),1,0) -> 0 | AI27: =IF(ISNUMBER(SEARCH(";implementación;",X27)),1,0) -> 0 | AJ27: =IF(ISNUMBER(SEARCH(";análisis;",X27)),1,0) -> 1 | AK27: =IF(ISNUMBER(SEARCH("traducción",X27)),1,0) -> 0 | AL27: =IF(ISNUMBER(SEARCH(";gobierno local;",Y27)),1,0) -> 0 | AM27: =IF(ISNUMBER(SEARCH(";gobierno nacional;",Y27)),1,0) -> 0 | AN27: =IF(ISNUMBER(SEARCH(";otra institución pública;",Y27)),1,0) -> 1 | AO27: =IF(ISNUMBER(SEARCH(";empresa;",Y27)),1,0) -> 0 | AP27: =IF(ISNUMBER(SEARCH(";universidad;",Y27)),1,0) -> 0 | AQ27: =IF(ISNUMBER(SEARCH(";sociedad civil;",Y27)),1,0) -> 0 | AR27: =IF(ISNUMBER(SEARCH(";organización internacional;",Y27)),1,0) -> 0 | AS27: =IF(ISNUMBER(SEARCH(";privado;",Z27)),1,0) -> 1 | AT27: =IF(ISNUMBER(SEARCH(";academia;",Z27)),1,0) -> 0 | AU27: =IF(ISNUMBER(SEARCH(";gobierno;",Z27)),1,0) -> 0 | AV27: =IF(ISNUMBER(SEARCH(";sociedad civil;",Z27)),1,0) -> 0 | AW27: =IF(ISNUMBER(SEARCH(";nacional;",AA27)),1,0) -> 0 | AX27: =IF(ISNUMBER(SEARCH(";internacional;",AA27)),1,0) -> 1 | AY27: =IF(AND(N27=1,('2 · Índice por país'!$B$25-D27)>'2 · Índice por país'!$B$26),0,N27) -> 2 | AZ27: =IF(SUM(AL27:AR27)<2,"",IF(AL27=1,"GL+","")&IF(AM27=1,"GN+","")&IF(AN27=1,"OIP+","")&IF(AO27=1,"EMP+","")&IF(AP27=1,"UNI+","")&IF(AQ27=1,"SC+","")&IF(AR27=1,"OI+","")) | BA27: =IF(AZ27="",0,IF(COUNTIFS($A$1:$A26,A27,$AZ$1:$AZ26,AZ27)=0,1,0)) -> 0
A28: UY | B28: Pol.is en el Referéndum Nacional de la LUC (Uruguay) — equipo UdelaR | C28: UY-polis-referendum-luc | D28: 2021 | E28: MEDIA (fuente primaria + OCDE 2025; fetch primario bloqueado por proxy, citas vía repo/WebSearch) | F28: Referéndum nacional para derogar 135 artículos de la Ley de Urgente Consideración (LUC). Un equipo de la Universidad de la República corrió una conversación Pol.is en paralelo al referéndum del 27/03/2022 (documentado como caso 2021). | G28: Equipo de 13 personas de la Universidad de la República (UdelaR) — ingenieros, comunicadores y científicos de datos; plataforma Pol.is (The Computational Democracy Project) | J28: https://compdemocracy.org/case-studies/2021-uruguay-national-referendum/ | K28: sí | L28: Referendos e Iniciativas Populares | M28: Análisis | N28: 2 | O28: Uso único | P28: universidad | Q28: Público | R28: contenido | S28: Sociedad Civil | T28: Internacional | U28: Clustering; ML - Inespecífico | V28: no | W28: =";"&LOWER(SUBSTITUTE(SUBSTITUTE(SUBSTITUTE(L28,"; ",";"),", ",";"),",",";"))&";" -> ;referendos e iniciativas populares; | X28: =";"&LOWER(SUBSTITUTE(SUBSTITUTE(SUBSTITUTE(M28,"; ",";"),", ",";"),",",";"))&";" -> ;análisis; | Y28: =";"&LOWER(SUBSTITUTE(SUBSTITUTE(SUBSTITUTE(P28,"; ",";"),", ",";"),",",";"))&";" -> ;universidad; | Z28: =";"&LOWER(SUBSTITUTE(SUBSTITUTE(SUBSTITUTE(S28,"; ",";"),", ",";"),",",";"))&";" -> ;sociedad civil; | AA28: =";"&LOWER(SUBSTITUTE(SUBSTITUTE(SUBSTITUTE(T28,"; ",";"),", ",";"),",",";"))&";" -> ;internacional; | AB28: =";"&LOWER(SUBSTITUTE(SUBSTITUTE(SUBSTITUTE(U28,"; ",";"),", ",";"),",",";"))&";" -> ;clustering;ml - inespecífico; | AC28: =IF(ISNUMBER(SEARCH(";participación digital;",W28)),1,0) -> 0 | AD28: =IF(ISNUMBER(SEARCH(";gobernanza colaborativa;",W28)),1,0) -> 0 | AE28: =IF(ISNUMBER(SEARCH(";mini públicos;",W28)),1,0) -> 0 | AF28: =IF(ISNUMBER(SEARCH(";referendos e iniciativas populares;",W28)),1,0) -> 1 | AG28: =IF(ISNUMBER(SEARCH(";presupuestos participativos;",W28)),1,0) -> 0 | AH28: =IF(ISNUMBER(SEARCH(";planificación;",X28)),1,0) -> 0 | AI28: =IF(ISNUMBER(SEARCH(";implementación;",X28)),1,0) -> 0 | AJ28: =IF(ISNUMBER(SEARCH(";análisis;",X28)),1,0) -> 1 | AK28: =IF(ISNUMBER(SEARCH("traducción",X28)),1,0) -> 0 | AL28: =IF(ISNUMBER(SEARCH(";gobierno local;",Y28)),1,0) -> 0 | AM28: =IF(ISNUMBER(SEARCH(";gobierno nacional;",Y28)),1,0) -> 0 | AN28: =IF(ISNUMBER(SEARCH(";otra institución pública;",Y28)),1,0) -> 0 | AO28: =IF(ISNUMBER(SEARCH(";empresa;",Y28)),1,0) -> 0 | AP28: =IF(ISNUMBER(SEARCH(";universidad;",Y28)),1,0) -> 1 | AQ28: =IF(ISNUMBER(SEARCH(";sociedad civil;",Y28)),1,0) -> 0 | AR28: =IF(ISNUMBER(SEARCH(";organización internacional;",Y28)),1,0) -> 0 | AS28: =IF(ISNUMBER(SEARCH(";privado;",Z28)),1,0) -> 0 | AT28: =IF(ISNUMBER(SEARCH(";academia;",Z28)),1,0) -> 0 | AU28: =IF(ISNUMBER(SEARCH(";gobierno;",Z28)),1,0) -> 0 | AV28: =IF(ISNUMBER(SEARCH(";sociedad civil;",Z28)),1,0) -> 1 | AW28: =IF(ISNUMBER(SEARCH(";nacional;",AA28)),1,0) -> 0 | AX28: =IF(ISNUMBER(SEARCH(";internacional;",AA28)),1,0) -> 1 | AY28: =IF(AND(N28=1,('2 · Índice por país'!$B$25-D28)>'2 · Índice por país'!$B$26),0,N28) -> 2 | AZ28: =IF(SUM(AL28:AR28)<2,"",IF(AL28=1,"GL+","")&IF(AM28=1,"GN+","")&IF(AN28=1,"OIP+","")&IF(AO28=1,"EMP+","")&IF(AP28=1,"UNI+","")&IF(AQ28=1,"SC+","")&IF(AR28=1,"OI+","")) | BA28: =IF(AZ28="",0,IF(COUNTIFS($A$1:$A27,A28,$AZ$1:$AZ27,AZ28)=0,1,0)) -> 0
A29: VE | B29: Plan de la Patria 7 Transformaciones (7T) — IA y Big Data en la sistematización de propuestas de la Consulta Popular | C29: VE-plan-de-la-patria-7t | D29: 2025 | E29: MEDIA-BAJA (IA anunciada por fuente estatal, sin verificación técnica independiente) | F29: Construcción participativa del Plan de la Patria 2025-2031 («7 Transformaciones», 7T) mediante el método Consulta-Debate-Acción (CDA): asambleas populares deliberativas donde las comunidades presentan y priorizan propuestas (2,5 M+ participantes, +65.000 asambleas, 10.000 comunidades con «Mapa de Soluciones», 34.491 propuestas procesadas y registradas vía Carnet de la Patria). Según la Vicepresidencia Sectorial de Planificación (Ricardo Menéndez, mar-2026), se habrían procesado «más de 500 mil propuestas provenientes de las bases populares, mediante el uso de herramientas de inteligencia artificial y big data» para generar algoritmos y convertir el flujo del poder popular en políticas públicas. El Plan se promulgó como Ley Orgánica (Gaceta Oficial 6.907 Extraordinario, 24-may-2025). CAVEAT: el uso de IA está afirmado SOLO por fuentes estatales, sin detalle técnico ni verificación independiente; existe evidencia independiente de una infraestructura digital real (sistema informático + SIG + base de datos de las 34.491 propuestas + georreferenciación QR del Carnet de la Patria). | G29: Gobierno Bolivariano de Venezuela — Vicepresidencia Sectorial de Planificación / Ministerio del Poder Popular de Planificación (MPPP), con comunas y consejos comunales. El uso de IA/Big Data fue atribuido por el Vicepresidente Sectorial de Planificación, Ricardo Menéndez (mar-2026). | J29: http://www.correodelorinoco.gob.ve/venezuela-impulsa-el-debate-sobre-inteligencia-artificial-bajo-principios-de-soberania-y-etica/ https://www.laradiodelsur.com.ve/menendez-alerta-sobre-riesgos-de-la-inteligencia-artificial-y-su-impacto-en-la-libertad-de-pensamiento/ https://radiomundial.com.ve/menendez-alerta-sobre-riesgos-de-la-inteligencia-artificial-y-su-impacto-en-la-libertad-de-pensamiento/ https://es.wikipedia.org/wiki/Plan_de_la_Patria | K29: sí | L29: Referendos e Iniciativas Populares | M29: Análisis | N29: 1 | O29: Anuncio | P29: gobierno nacional | Q29: Público | R29: contenido | S29: Gobierno | T29: Nacional | U29: ML - Inespecífico | V29: no-claro | W29: =";"&LOWER(SUBSTITUTE(SUBSTITUTE(SUBSTITUTE(L29,"; ",";"),", ",";"),",",";"))&";" -> ;referendos e iniciativas populares; | X29: =";"&LOWER(SUBSTITUTE(SUBSTITUTE(SUBSTITUTE(M29,"; ",";"),", ",";"),",",";"))&";" -> ;análisis; | Y29: =";"&LOWER(SUBSTITUTE(SUBSTITUTE(SUBSTITUTE(P29,"; ",";"),", ",";"),",",";"))&";" -> ;gobierno nacional; | Z29: =";"&LOWER(SUBSTITUTE(SUBSTITUTE(SUBSTITUTE(S29,"; ",";"),", ",";"),",",";"))&";" -> ;gobierno; | AA29: =";"&LOWER(SUBSTITUTE(SUBSTITUTE(SUBSTITUTE(T29,"; ",";"),", ",";"),",",";"))&";" -> ;nacional; | AB29: =";"&LOWER(SUBSTITUTE(SUBSTITUTE(SUBSTITUTE(U29,"; ",";"),", ",";"),",",";"))&";" -> ;ml - inespecífico; | AC29: =IF(ISNUMBER(SEARCH(";participación digital;",W29)),1,0) -> 0 | AD29: =IF(ISNUMBER(SEARCH(";gobernanza colaborativa;",W29)),1,0) -> 0 | AE29: =IF(ISNUMBER(SEARCH(";mini públicos;",W29)),1,0) -> 0 | AF29: =IF(ISNUMBER(SEARCH(";referendos e iniciativas populares;",W29)),1,0) -> 1 | AG29: =IF(ISNUMBER(SEARCH(";presupuestos participativos;",W29)),1,0) -> 0 | AH29: =IF(ISNUMBER(SEARCH(";planificación;",X29)),1,0) -> 0 | AI29: =IF(ISNUMBER(SEARCH(";implementación;",X29)),1,0) -> 0 | AJ29: =IF(ISNUMBER(SEARCH(";análisis;",X29)),1,0) -> 1 | AK29: =IF(ISNUMBER(SEARCH("traducción",X29)),1,0) -> 0 | AL29: =IF(ISNUMBER(SEARCH(";gobierno local;",Y29)),1,0) -> 0 | AM29: =IF(ISNUMBER(SEARCH(";gobierno nacional;",Y29)),1,0) -> 1 | AN29: =IF(ISNUMBER(SEARCH(";otra institución pública;",Y29)),1,0) -> 0 | AO29: =IF(ISNUMBER(SEARCH(";empresa;",Y29)),1,0) -> 0 | AP29: =IF(ISNUMBER(SEARCH(";universidad;",Y29)),1,0) -> 0 | AQ29: =IF(ISNUMBER(SEARCH(";sociedad civil;",Y29)),1,0) -> 0 | AR29: =IF(ISNUMBER(SEARCH(";organización internacional;",Y29)),1,0) -> 0 | AS29: =IF(ISNUMBER(SEARCH(";privado;",Z29)),1,0) -> 0 | AT29: =IF(ISNUMBER(SEARCH(";academia;",Z29)),1,0) -> 0 | AU29: =IF(ISNUMBER(SEARCH(";gobierno;",Z29)),1,0) -> 1 | AV29: =IF(ISNUMBER(SEARCH(";sociedad civil;",Z29)),1,0) -> 0 | AW29: =IF(ISNUMBER(SEARCH(";nacional;",AA29)),1,0) -> 1 | AX29: =IF(ISNUMBER(SEARCH(";internacional;",AA29)),1,0) -> 0 | AY29: =IF(AND(N29=1,('2 · Índice por país'!$B$25-D29)>'2 · Índice por país'!$B$26),0,N29) -> 1 | AZ29: =IF(SUM(AL29:AR29)<2,"",IF(AL29=1,"GL+","")&IF(AM29=1,"GN+","")&IF(AN29=1,"OIP+","")&IF(AO29=1,"EMP+","")&IF(AP29=1,"UNI+","")&IF(AQ29=1,"SC+","")&IF(AR29=1,"OI+","")) | BA29: =IF(AZ29="",0,IF(COUNTIFS($A$1:$A28,A29,$AZ$1:$AZ28,AZ29)=0,1,0)) -> 0
A32: NOTAS Y SUPUESTOS
A33: · Leyenda de colores: AZUL = dato validado (coding, pestaña 1). NEGRO = fórmula (columnas derivadas). Las columnas del grupo D se calculan; no se pegan valores.
A34: · PA · Mansa Idea: la celda «Tipos/familia IA» del insumo contiene «null» (sin sistema de IA técnicamente verificado). Decisión: se cuenta como 0 sistemas de IA para ese caso; «null» no forma parte del catálogo de tokens.
A35: · OPA Piauí (BR): «Tipos/familia IA» vacío → 0 sistemas para ese caso (BR conserva 11 sistemas por los otros casos).
A36: · Caducidad de anuncios (config.yaml): un «anuncio» (Nivel=1) caduca a los 2 años sin implementación (año de referencia 2026). BR · Brasil Participativo (Nivel 1, Año 2023): nivel efectivo = 0 por caducidad; no afecta el índice de BR porque OPA Piauí tiene nivel 3. VE · Plan de la Patria 7T (Nivel 1, Año 2025): 2026−2025=1 ≤ 2 → nivel efectivo se mantiene en 1.
A37: · Tipos/familia IA se comparan como tokens textuales exactos separados por «;»: «LLM» ≠ «LLM generativa», «NLP» ≠ «NLP - Tópicos» (no se fusionan; idéntico al motor 2025). «Otros(no especificado)» de MX sí cuenta como token.
A38: · Códigos de combinación de convocantes: GL=gobierno local · GN=gobierno nacional · OIP=otra institución pública · EMP=empresa · UNI=universidad · SC=sociedad civil · OI=organización internacional. Una combinación = conjunto de ≥2 tipos que co-convocan una misma iniciativa; se deduplican conjuntos idénticos dentro del país (orden canónico por columna).
A39: · Origen del desarrollador: se compara con token exacto («;nacional;» / «;internacional;») porque «nacional» es subcadena de «internacional».

Sheet 2 · Índice por país
A1: Índice ILIA 2026 — IA en Participación Ciudadana (por país · metodología CENIA v2)
A2: País | B2: N iniciativas | C2: nº tipos | D2: V1 Tipos de proceso | E2: nº etapas | F2: V2 Etapas de uso | G2: nivel máx (efectivo) | H2: V3 Continuidad | I2: nº tipos gub | J2: nº tipos no-gub | K2: nº combinaciones | L2: V4 Convocante | M2: V5 Cantidad | N2: Sub1 Uso | O2: dev nac | P2: dev int | Q2: V-Desarrollador | R2: nº sistemas IA | S2: V-Tipos de IA | T2: Sub2 Desarrollo | U2: Sub1 red. | V2: Sub2 red. | W2: Indicador final | X2: Indicador sin redondear
A3: AR | B3: =COUNTIFS('1 · BBDD Casos incluidos'!$A$2:$A$29,$A3,'1 · BBDD Casos incluidos'!$K$2:$K$29,"sí") -> 0 | C3: =SUM(B45:F45) -> 0 | D3: =C3/5*100 -> 0 | E3: =SUM(B69:E69) -> 0 | F3: =E3/4*100 -> 0 | G3: =_xlfn.MAXIFS('1 · BBDD Casos incluidos'!$AY$2:$AY$29,'1 · BBDD Casos incluidos'!$A$2:$A$29,$A3) -> 0 | H3: =G3/3*100 -> 0 | I3: =SUM(B93:D93) -> 0 | J3: =SUM(B117:E117) -> 0 | K3: =SUMIFS('1 · BBDD Casos incluidos'!$BA$2:$BA$29,'1 · BBDD Casos incluidos'!$A$2:$A$29,$A3) -> 0 | L3: =(I3/3+J3/4+IF($B37=0,0,K3/$B37))/3*100 -> 0 | M3: =IF(B3<=$C$30,$D$30,IF(B3<=$C$31,$D$31,IF(B3<=$C$32,$D$32,IF(B3<=$C$33,$D$33,$D$34)))) -> 0 | N3: =AVERAGE(D3,F3,H3,L3,M3) -> 0 | O3: =SUM(B141:E141) -> 0 | P3: =SUM(B165:E165) -> 0 | Q3: =(IF($B38=0,0,O3/$B38)+IF($B39=0,0,P3/$B39))/2*100 -> 0 | R3: =B214 -> 0 | S3: =IF($B40=0,0,R3/$B40*100) -> 0 | T3: =AVERAGE(Q3,S3) -> 0 | U3: =ROUND(N3,0) -> 0 | V3: =ROUND(T3,0) -> 0 | W3: =ROUND((U3+V3)/2,0) -> 0 | X3: =(N3+T3)/2 -> 0
A4: BO | B4: =COUNTIFS('1 · BBDD Casos incluidos'!$A$2:$A$29,$A4,'1 · BBDD Casos incluidos'!$K$2:$K$29,"sí") -> 1 | C4: =SUM(B46:F46) -> 1 | D4: =C4/5*100 -> 20 | E4: =SUM(B70:E70) -> 2 | F4: =E4/4*100 -> 50 | G4: =_xlfn.MAXIFS('1 · BBDD Casos incluidos'!$AY$2:$AY$29,'1 · BBDD Casos incluidos'!$A$2:$A$29,$A4) -> 2 | H4: =G4/3*100 -> 66.666667 | I4: =SUM(B94:D94) -> 1 | J4: =SUM(B118:E118) -> 1 | K4: =SUMIFS('1 · BBDD Casos incluidos'!$BA$2:$BA$29,'1 · BBDD Casos incluidos'!$A$2:$A$29,$A4) -> 1 | L4: =(I4/3+J4/4+IF($B37=0,0,K4/$B37))/3*100 -> 36.111111 | M4: =IF(B4<=$C$30,$D$30,IF(B4<=$C$31,$D$31,IF(B4<=$C$32,$D$32,IF(B4<=$C$33,$D$33,$D$34)))) -> 25 | N4: =AVERAGE(D4,F4,H4,L4,M4) -> 39.555556 | O4: =SUM(B142:E142) -> 0 | P4: =SUM(B166:E166) -> 1 | Q4: =(IF($B38=0,0,O4/$B38)+IF($B39=0,0,P4/$B39))/2*100 -> 16.666667 | R4: =C214 -> 1 | S4: =IF($B40=0,0,R4/$B40*100) -> 9.0909091 | T4: =AVERAGE(Q4,S4) -> 12.878788 | U4: =ROUND(N4,0) -> 40 | V4: =ROUND(T4,0) -> 13 | W4: =ROUND((U4+V4)/2,0) -> 27 | X4: =(N4+T4)/2 -> 26.217172
A5: BR | B5: =COUNTIFS('1 · BBDD Casos incluidos'!$A$2:$A$29,$A5,'1 · BBDD Casos incluidos'!$K$2:$K$29,"sí") -> 7 | C5: =SUM(B47:F47) -> 5 | D5: =C5/5*100 -> 100 | E5: =SUM(B71:E71) -> 3 | F5: =E5/4*100 -> 75 | G5: =_xlfn.MAXIFS('1 · BBDD Casos incluidos'!$AY$2:$AY$29,'1 · BBDD Casos incluidos'!$A$2:$A$29,$A5) -> 3 | H5: =G5/3*100 -> 100 | I5: =SUM(B95:D95) -> 2 | J5: =SUM(B119:E119) -> 2 | K5: =SUMIFS('1 · BBDD Casos incluidos'!$BA$2:$BA$29,'1 · BBDD Casos incluidos'!$A$2:$A$29,$A5) -> 1 | L5: =(I5/3+J5/4+IF($B37=0,0,K5/$B37))/3*100 -> 55.555556 | M5: =IF(B5<=$C$30,$D$30,IF(B5<=$C$31,$D$31,IF(B5<=$C$32,$D$32,IF(B5<=$C$33,$D$33,$D$34)))) -> 75 | N5: =AVERAGE(D5,F5,H5,L5,M5) -> 81.111111 | O5: =SUM(B143:E143) -> 4 | P5: =SUM(B167:E167) -> 3 | Q5: =(IF($B38=0,0,O5/$B38)+IF($B39=0,0,P5/$B39))/2*100 -> 100 | R5: =D214 -> 11 | S5: =IF($B40=0,0,R5/$B40*100) -> 100 | T5: =AVERAGE(Q5,S5) -> 100 | U5: =ROUND(N5,0) -> 81 | V5: =ROUND(T5,0) -> 100 | W5: =ROUND((U5+V5)/2,0) -> 91 | X5: =(N5+T5)/2 -> 90.555556
A6: CL | B6: =COUNTIFS('1 · BBDD Casos incluidos'!$A$2:$A$29,$A6,'1 · BBDD Casos incluidos'!$K$2:$K$29,"sí") -> 9 | C6: =SUM(B48:F48) -> 3 | D6: =C6/5*100 -> 60 | E6: =SUM(B72:E72) -> 3 | F6: =E6/4*100 -> 75 | G6: =_xlfn.MAXIFS('1 · BBDD Casos incluidos'!$AY$2:$AY$29,'1 · BBDD Casos incluidos'!$A$2:$A$29,$A6) -> 2 | H6: =G6/3*100 -> 66.666667 | I6: =SUM(B96:D96) -> 1 | J6: =SUM(B120:E120) -> 3 | K6: =SUMIFS('1 · BBDD Casos incluidos'!$BA$2:$BA$29,'1 · BBDD Casos incluidos'!$A$2:$A$29,$A6) -> 2 | L6: =(I6/3+J6/4+IF($B37=0,0,K6/$B37))/3*100 -> 69.444444 | M6: =IF(B6<=$C$30,$D$30,IF(B6<=$C$31,$D$31,IF(B6<=$C$32,$D$32,IF(B6<=$C$33,$D$33,$D$34)))) -> 75 | N6: =AVERAGE(D6,F6,H6,L6,M6) -> 69.222222 | O6: =SUM(B144:E144) -> 3 | P6: =SUM(B168:E168) -> 1 | Q6: =(IF($B38=0,0,O6/$B38)+IF($B39=0,0,P6/$B39))/2*100 -> 54.166667 | R6: =E214 -> 11 | S6: =IF($B40=0,0,R6/$B40*100) -> 100 | T6: =AVERAGE(Q6,S6) -> 77.083333 | U6: =ROUND(N6,0) -> 69 | V6: =ROUND(T6,0) -> 77 | W6: =ROUND((U6+V6)/2,0) -> 73 | X6: =(N6+T6)/2 -> 73.152778
A7: CO | B7: =COUNTIFS('1 · BBDD Casos incluidos'!$A$2:$A$29,$A7,'1 · BBDD Casos incluidos'!$K$2:$K$29,"sí") -> 3 | C7: =SUM(B49:F49) -> 3 | D7: =C7/5*100 -> 60 | E7: =SUM(B73:E73) -> 2 | F7: =E7/4*100 -> 50 | G7: =_xlfn.MAXIFS('1 · BBDD Casos incluidos'!$AY$2:$AY$29,'1 · BBDD Casos incluidos'!$A$2:$A$29,$A7) -> 2 | H7: =G7/3*100 -> 66.666667 | I7: =SUM(B97:D97) -> 1 | J7: =SUM(B121:E121) -> 4 | K7: =SUMIFS('1 · BBDD Casos incluidos'!$BA$2:$BA$29,'1 · BBDD Casos incluidos'!$A$2:$A$29,$A7) -> 2 | L7: =(I7/3+J7/4+IF($B37=0,0,K7/$B37))/3*100 -> 77.777778 | M7: =IF(B7<=$C$30,$D$30,IF(B7<=$C$31,$D$31,IF(B7<=$C$32,$D$32,IF(B7<=$C$33,$D$33,$D$34)))) -> 25 | N7: =AVERAGE(D7,F7,H7,L7,M7) -> 55.888889 | O7: =SUM(B145:E145) -> 3 | P7: =SUM(B169:E169) -> 1 | Q7: =(IF($B38=0,0,O7/$B38)+IF($B39=0,0,P7/$B39))/2*100 -> 54.166667 | R7: =F214 -> 5 | S7: =IF($B40=0,0,R7/$B40*100) -> 45.454545 | T7: =AVERAGE(Q7,S7) -> 49.810606 | U7: =ROUND(N7,0) -> 56 | V7: =ROUND(T7,0) -> 50 | W7: =ROUND((U7+V7)/2,0) -> 53 | X7: =(N7+T7)/2 -> 52.849747
A8: CR | B8: =COUNTIFS('1 · BBDD Casos incluidos'!$A$2:$A$29,$A8,'1 · BBDD Casos incluidos'!$K$2:$K$29,"sí") -> 0 | C8: =SUM(B50:F50) -> 0 | D8: =C8/5*100 -> 0 | E8: =SUM(B74:E74) -> 0 | F8: =E8/4*100 -> 0 | G8: =_xlfn.MAXIFS('1 · BBDD Casos incluidos'!$AY$2:$AY$29,'1 · BBDD Casos incluidos'!$A$2:$A$29,$A8) -> 0 | H8: =G8/3*100 -> 0 | I8: =SUM(B98:D98) -> 0 | J8: =SUM(B122:E122) -> 0 | K8: =SUMIFS('1 · BBDD Casos incluidos'!$BA$2:$BA$29,'1 · BBDD Casos incluidos'!$A$2:$A$29,$A8) -> 0 | L8: =(I8/3+J8/4+IF($B37=0,0,K8/$B37))/3*100 -> 0 | M8: =IF(B8<=$C$30,$D$30,IF(B8<=$C$31,$D$31,IF(B8<=$C$32,$D$32,IF(B8<=$C$33,$D$33,$D$34)))) -> 0 | N8: =AVERAGE(D8,F8,H8,L8,M8) -> 0 | O8: =SUM(B146:E146) -> 0 | P8: =SUM(B170:E170) -> 0 | Q8: =(IF($B38=0,0,O8/$B38)+IF($B39=0,0,P8/$B39))/2*100 -> 0 | R8: =G214 -> 0 | S8: =IF($B40=0,0,R8/$B40*100) -> 0 | T8: =AVERAGE(Q8,S8) -> 0 | U8: =ROUND(N8,0) -> 0 | V8: =ROUND(T8,0) -> 0 | W8: =ROUND((U8+V8)/2,0) -> 0 | X8: =(N8+T8)/2 -> 0
A9: CU | B9: =COUNTIFS('1 · BBDD Casos incluidos'!$A$2:$A$29,$A9,'1 · BBDD Casos incluidos'!$K$2:$K$29,"sí") -> 1 | C9: =SUM(B51:F51) -> 2 | D9: =C9/5*100 -> 40 | E9: =SUM(B75:E75) -> 1 | F9: =E9/4*100 -> 25 | G9: =_xlfn.MAXIFS('1 · BBDD Casos incluidos'!$AY$2:$AY$29,'1 · BBDD Casos incluidos'!$A$2:$A$29,$A9) -> 2 | H9: =G9/3*100 -> 66.666667 | I9: =SUM(B99:D99) -> 1 | J9: =SUM(B123:E123) -> 0 | K9: =SUMIFS('1 · BBDD Casos incluidos'!$BA$2:$BA$29,'1 · BBDD Casos incluidos'!$A$2:$A$29,$A9) -> 0 | L9: =(I9/3+J9/4+IF($B37=0,0,K9/$B37))/3*100 -> 11.111111 | M9: =IF(B9<=$C$30,$D$30,IF(B9<=$C$31,$D$31,IF(B9<=$C$32,$D$32,IF(B9<=$C$33,$D$33,$D$34)))) -> 25 | N9: =AVERAGE(D9,F9,H9,L9,M9) -> 33.555556 | O9: =SUM(B147:E147) -> 2 | P9: =SUM(B171:E171) -> 0 | Q9: =(IF($B38=0,0,O9/$B38)+IF($B39=0,0,P9/$B39))/2*100 -> 25 | R9: =H214 -> 4 | S9: =IF($B40=0,0,R9/$B40*100) -> 36.363636 | T9: =AVERAGE(Q9,S9) -> 30.681818 | U9: =ROUND(N9,0) -> 34 | V9: =ROUND(T9,0) -> 31 | W9: =ROUND((U9+V9)/2,0) -> 33 | X9: =(N9+T9)/2 -> 32.118687
A10: DO | B10: =COUNTIFS('1 · BBDD Casos incluidos'!$A$2:$A$29,$A10,'1 · BBDD Casos incluidos'!$K$2:$K$29,"sí") -> 0 | C10: =SUM(B52:F52) -> 0 | D10: =C10/5*100 -> 0 | E10: =SUM(B76:E76) -> 0 | F10: =E10/4*100 -> 0 | G10: =_xlfn.MAXIFS('1 · BBDD Casos incluidos'!$AY$2:$AY$29,'1 · BBDD Casos incluidos'!$A$2:$A$29,$A10) -> 0 | H10: =G10/3*100 -> 0 | I10: =SUM(B100:D100) -> 0 | J10: =SUM(B124:E124) -> 0 | K10: =SUMIFS('1 · BBDD Casos incluidos'!$BA$2:$BA$29,'1 · BBDD Casos incluidos'!$A$2:$A$29,$A10) -> 0 | L10: =(I10/3+J10/4+IF($B37=0,0,K10/$B37))/3*100 -> 0 | M10: =IF(B10<=$C$30,$D$30,IF(B10<=$C$31,$D$31,IF(B10<=$C$32,$D$32,IF(B10<=$C$33,$D$33,$D$34)))) -> 0 | N10: =AVERAGE(D10,F10,H10,L10,M10) -> 0 | O10: =SUM(B148:E148) -> 0 | P10: =SUM(B172:E172) -> 0 | Q10: =(IF($B38=0,0,O10/$B38)+IF($B39=0,0,P10/$B39))/2*100 -> 0 | R10: =I214 -> 0 | S10: =IF($B40=0,0,R10/$B40*100) -> 0 | T10: =AVERAGE(Q10,S10) -> 0 | U10: =ROUND(N10,0) -> 0 | V10: =ROUND(T10,0) -> 0 | W10: =ROUND((U10+V10)/2,0) -> 0 | X10: =(N10+T10)/2 -> 0
A11: EC | B11: =COUNTIFS('1 · BBDD Casos incluidos'!$A$2:$A$29,$A11,'1 · BBDD Casos incluidos'!$K$2:$K$29,"sí") -> 1 | C11: =SUM(B53:F53) -> 1 | D11: =C11/5*100 -> 20 | E11: =SUM(B77:E77) -> 1 | F11: =E11/4*100 -> 25 | G11: =_xlfn.MAXIFS('1 · BBDD Casos incluidos'!$AY$2:$AY$29,'1 · BBDD Casos incluidos'!$A$2:$A$29,$A11) -> 2 | H11: =G11/3*100 -> 66.666667 | I11: =SUM(B101:D101) -> 1 | J11: =SUM(B125:E125) -> 1 | K11: =SUMIFS('1 · BBDD Casos incluidos'!$BA$2:$BA$29,'1 · BBDD Casos incluidos'!$A$2:$A$29,$A11) -> 1 | L11: =(I11/3+J11/4+IF($B37=0,0,K11/$B37))/3*100 -> 36.111111 | M11: =IF(B11<=$C$30,$D$30,IF(B11<=$C$31,$D$31,IF(B11<=$C$32,$D$32,IF(B11<=$C$33,$D$33,$D$34)))) -> 25 | N11: =AVERAGE(D11,F11,H11,L11,M11) -> 34.555556 | O11: =SUM(B149:E149) -> 1 | P11: =SUM(B173:E173) -> 0 | Q11: =(IF($B38=0,0,O11/$B38)+IF($B39=0,0,P11/$B39))/2*100 -> 12.5 | R11: =J214 -> 1 | S11: =IF($B40=0,0,R11/$B40*100) -> 9.0909091 | T11: =AVERAGE(Q11,S11) -> 10.795455 | U11: =ROUND(N11,0) -> 35 | V11: =ROUND(T11,0) -> 11 | W11: =ROUND((U11+V11)/2,0) -> 23 | X11: =(N11+T11)/2 -> 22.675505
A12: GT | B12: =COUNTIFS('1 · BBDD Casos incluidos'!$A$2:$A$29,$A12,'1 · BBDD Casos incluidos'!$K$2:$K$29,"sí") -> 1 | C12: =SUM(B54:F54) -> 1 | D12: =C12/5*100 -> 20 | E12: =SUM(B78:E78) -> 2 | F12: =E12/4*100 -> 50 | G12: =_xlfn.MAXIFS('1 · BBDD Casos incluidos'!$AY$2:$AY$29,'1 · BBDD Casos incluidos'!$A$2:$A$29,$A12) -> 2 | H12: =G12/3*100 -> 66.666667 | I12: =SUM(B102:D102) -> 0 | J12: =SUM(B126:E126) -> 2 | K12: =SUMIFS('1 · BBDD Casos incluidos'!$BA$2:$BA$29,'1 · BBDD Casos incluidos'!$A$2:$A$29,$A12) -> 1 | L12: =(I12/3+J12/4+IF($B37=0,0,K12/$B37))/3*100 -> 33.333333 | M12: =IF(B12<=$C$30,$D$30,IF(B12<=$C$31,$D$31,IF(B12<=$C$32,$D$32,IF(B12<=$C$33,$D$33,$D$34)))) -> 25 | N12: =AVERAGE(D12,F12,H12,L12,M12) -> 39 | O12: =SUM(B150:E150) -> 0 | P12: =SUM(B174:E174) -> 1 | Q12: =(IF($B38=0,0,O12/$B38)+IF($B39=0,0,P12/$B39))/2*100 -> 16.666667 | R12: =K214 -> 2 | S12: =IF($B40=0,0,R12/$B40*100) -> 18.181818 | T12: =AVERAGE(Q12,S12) -> 17.424242 | U12: =ROUND(N12,0) -> 39 | V12: =ROUND(T12,0) -> 17 | W12: =ROUND((U12+V12)/2,0) -> 28 | X12: =(N12+T12)/2 -> 28.212121
A13: HN | B13: =COUNTIFS('1 · BBDD Casos incluidos'!$A$2:$A$29,$A13,'1 · BBDD Casos incluidos'!$K$2:$K$29,"sí") -> 0 | C13: =SUM(B55:F55) -> 0 | D13: =C13/5*100 -> 0 | E13: =SUM(B79:E79) -> 0 | F13: =E13/4*100 -> 0 | G13: =_xlfn.MAXIFS('1 · BBDD Casos incluidos'!$AY$2:$AY$29,'1 · BBDD Casos incluidos'!$A$2:$A$29,$A13) -> 0 | H13: =G13/3*100 -> 0 | I13: =SUM(B103:D103) -> 0 | J13: =SUM(B127:E127) -> 0 | K13: =SUMIFS('1 · BBDD Casos incluidos'!$BA$2:$BA$29,'1 · BBDD Casos incluidos'!$A$2:$A$29,$A13) -> 0 | L13: =(I13/3+J13/4+IF($B37=0,0,K13/$B37))/3*100 -> 0 | M13: =IF(B13<=$C$30,$D$30,IF(B13<=$C$31,$D$31,IF(B13<=$C$32,$D$32,IF(B13<=$C$33,$D$33,$D$34)))) -> 0 | N13: =AVERAGE(D13,F13,H13,L13,M13) -> 0 | O13: =SUM(B151:E151) -> 0 | P13: =SUM(B175:E175) -> 0 | Q13: =(IF($B38=0,0,O13/$B38)+IF($B39=0,0,P13/$B39))/2*100 -> 0 | R13: =L214 -> 0 | S13: =IF($B40=0,0,R13/$B40*100) -> 0 | T13: =AVERAGE(Q13,S13) -> 0 | U13: =ROUND(N13,0) -> 0 | V13: =ROUND(T13,0) -> 0 | W13: =ROUND((U13+V13)/2,0) -> 0 | X13: =(N13+T13)/2 -> 0
A14: JM | B14: =COUNTIFS('1 · BBDD Casos incluidos'!$A$2:$A$29,$A14,'1 · BBDD Casos incluidos'!$K$2:$K$29,"sí") -> 0 | C14: =SUM(B56:F56) -> 0 | D14: =C14/5*100 -> 0 | E14: =SUM(B80:E80) -> 0 | F14: =E14/4*100 -> 0 | G14: =_xlfn.MAXIFS('1 · BBDD Casos incluidos'!$AY$2:$AY$29,'1 · BBDD Casos incluidos'!$A$2:$A$29,$A14) -> 0 | H14: =G14/3*100 -> 0 | I14: =SUM(B104:D104) -> 0 | J14: =SUM(B128:E128) -> 0 | K14: =SUMIFS('1 · BBDD Casos incluidos'!$BA$2:$BA$29,'1 · BBDD Casos incluidos'!$A$2:$A$29,$A14) -> 0 | L14: =(I14/3+J14/4+IF($B37=0,0,K14/$B37))/3*100 -> 0 | M14: =IF(B14<=$C$30,$D$30,IF(B14<=$C$31,$D$31,IF(B14<=$C$32,$D$32,IF(B14<=$C$33,$D$33,$D$34)))) -> 0 | N14: =AVERAGE(D14,F14,H14,L14,M14) -> 0 | O14: =SUM(B152:E152) -> 0 | P14: =SUM(B176:E176) -> 0 | Q14: =(IF($B38=0,0,O14/$B38)+IF($B39=0,0,P14/$B39))/2*100 -> 0 | R14: =M214 -> 0 | S14: =IF($B40=0,0,R14/$B40*100) -> 0 | T14: =AVERAGE(Q14,S14) -> 0 | U14: =ROUND(N14,0) -> 0 | V14: =ROUND(T14,0) -> 0 | W14: =ROUND((U14+V14)/2,0) -> 0 | X14: =(N14+T14)/2 -> 0
A15: MX | B15: =COUNTIFS('1 · BBDD Casos incluidos'!$A$2:$A$29,$A15,'1 · BBDD Casos incluidos'!$K$2:$K$29,"sí") -> 1 | C15: =SUM(B57:F57) -> 1 | D15: =C15/5*100 -> 20 | E15: =SUM(B81:E81) -> 1 | F15: =E15/4*100 -> 25 | G15: =_xlfn.MAXIFS('1 · BBDD Casos incluidos'!$AY$2:$AY$29,'1 · BBDD Casos incluidos'!$A$2:$A$29,$A15) -> 2 | H15: =G15/3*100 -> 66.666667 | I15: =SUM(B105:D105) -> 1 | J15: =SUM(B129:E129) -> 0 | K15: =SUMIFS('1 · BBDD Casos incluidos'!$BA$2:$BA$29,'1 · BBDD Casos incluidos'!$A$2:$A$29,$A15) -> 0 | L15: =(I15/3+J15/4+IF($B37=0,0,K15/$B37))/3*100 -> 11.111111 | M15: =IF(B15<=$C$30,$D$30,IF(B15<=$C$31,$D$31,IF(B15<=$C$32,$D$32,IF(B15<=$C$33,$D$33,$D$34)))) -> 25 | N15: =AVERAGE(D15,F15,H15,L15,M15) -> 29.555556 | O15: =SUM(B153:E153) -> 1 | P15: =SUM(B177:E177) -> 0 | Q15: =(IF($B38=0,0,O15/$B38)+IF($B39=0,0,P15/$B39))/2*100 -> 12.5 | R15: =N214 -> 2 | S15: =IF($B40=0,0,R15/$B40*100) -> 18.181818 | T15: =AVERAGE(Q15,S15) -> 15.340909 | U15: =ROUND(N15,0) -> 30 | V15: =ROUND(T15,0) -> 15 | W15: =ROUND((U15+V15)/2,0) -> 23 | X15: =(N15+T15)/2 -> 22.448232
A16: PA | B16: =COUNTIFS('1 · BBDD Casos incluidos'!$A$2:$A$29,$A16,'1 · BBDD Casos incluidos'!$K$2:$K$29,"sí") -> 1 | C16: =SUM(B58:F58) -> 1 | D16: =C16/5*100 -> 20 | E16: =SUM(B82:E82) -> 1 | F16: =E16/4*100 -> 25 | G16: =_xlfn.MAXIFS('1 · BBDD Casos incluidos'!$AY$2:$AY$29,'1 · BBDD Casos incluidos'!$A$2:$A$29,$A16) -> 2 | H16: =G16/3*100 -> 66.666667 | I16: =SUM(B106:D106) -> 1 | J16: =SUM(B130:E130) -> 1 | K16: =SUMIFS('1 · BBDD Casos incluidos'!$BA$2:$BA$29,'1 · BBDD Casos incluidos'!$A$2:$A$29,$A16) -> 1 | L16: =(I16/3+J16/4+IF($B37=0,0,K16/$B37))/3*100 -> 36.111111 | M16: =IF(B16<=$C$30,$D$30,IF(B16<=$C$31,$D$31,IF(B16<=$C$32,$D$32,IF(B16<=$C$33,$D$33,$D$34)))) -> 25 | N16: =AVERAGE(D16,F16,H16,L16,M16) -> 34.555556 | O16: =SUM(B154:E154) -> 1 | P16: =SUM(B178:E178) -> 0 | Q16: =(IF($B38=0,0,O16/$B38)+IF($B39=0,0,P16/$B39))/2*100 -> 12.5 | R16: =O214 -> 0 | S16: =IF($B40=0,0,R16/$B40*100) -> 0 | T16: =AVERAGE(Q16,S16) -> 6.25 | U16: =ROUND(N16,0) -> 35 | V16: =ROUND(T16,0) -> 6 | W16: =ROUND((U16+V16)/2,0) -> 21 | X16: =(N16+T16)/2 -> 20.402778
A17: PE | B17: =COUNTIFS('1 · BBDD Casos incluidos'!$A$2:$A$29,$A17,'1 · BBDD Casos incluidos'!$K$2:$K$29,"sí") -> 1 | C17: =SUM(B59:F59) -> 1 | D17: =C17/5*100 -> 20 | E17: =SUM(B83:E83) -> 1 | F17: =E17/4*100 -> 25 | G17: =_xlfn.MAXIFS('1 · BBDD Casos incluidos'!$AY$2:$AY$29,'1 · BBDD Casos incluidos'!$A$2:$A$29,$A17) -> 2 | H17: =G17/3*100 -> 66.666667 | I17: =SUM(B107:D107) -> 1 | J17: =SUM(B131:E131) -> 0 | K17: =SUMIFS('1 · BBDD Casos incluidos'!$BA$2:$BA$29,'1 · BBDD Casos incluidos'!$A$2:$A$29,$A17) -> 0 | L17: =(I17/3+J17/4+IF($B37=0,0,K17/$B37))/3*100 -> 11.111111 | M17: =IF(B17<=$C$30,$D$30,IF(B17<=$C$31,$D$31,IF(B17<=$C$32,$D$32,IF(B17<=$C$33,$D$33,$D$34)))) -> 25 | N17: =AVERAGE(D17,F17,H17,L17,M17) -> 29.555556 | O17: =SUM(B155:E155) -> 0 | P17: =SUM(B179:E179) -> 1 | Q17: =(IF($B38=0,0,O17/$B38)+IF($B39=0,0,P17/$B39))/2*100 -> 16.666667 | R17: =P214 -> 2 | S17: =IF($B40=0,0,R17/$B40*100) -> 18.181818 | T17: =AVERAGE(Q17,S17) -> 17.424242 | U17: =ROUND(N17,0) -> 30 | V17: =ROUND(T17,0) -> 17 | W17: =ROUND((U17+V17)/2,0) -> 24 | X17: =(N17+T17)/2 -> 23.489899
A18: PY | B18: =COUNTIFS('1 · BBDD Casos incluidos'!$A$2:$A$29,$A18,'1 · BBDD Casos incluidos'!$K$2:$K$29,"sí") -> 0 | C18: =SUM(B60:F60) -> 0 | D18: =C18/5*100 -> 0 | E18: =SUM(B84:E84) -> 0 | F18: =E18/4*100 -> 0 | G18: =_xlfn.MAXIFS('1 · BBDD Casos incluidos'!$AY$2:$AY$29,'1 · BBDD Casos incluidos'!$A$2:$A$29,$A18) -> 0 | H18: =G18/3*100 -> 0 | I18: =SUM(B108:D108) -> 0 | J18: =SUM(B132:E132) -> 0 | K18: =SUMIFS('1 · BBDD Casos incluidos'!$BA$2:$BA$29,'1 · BBDD Casos incluidos'!$A$2:$A$29,$A18) -> 0 | L18: =(I18/3+J18/4+IF($B37=0,0,K18/$B37))/3*100 -> 0 | M18: =IF(B18<=$C$30,$D$30,IF(B18<=$C$31,$D$31,IF(B18<=$C$32,$D$32,IF(B18<=$C$33,$D$33,$D$34)))) -> 0 | N18: =AVERAGE(D18,F18,H18,L18,M18) -> 0 | O18: =SUM(B156:E156) -> 0 | P18: =SUM(B180:E180) -> 0 | Q18: =(IF($B38=0,0,O18/$B38)+IF($B39=0,0,P18/$B39))/2*100 -> 0 | R18: =Q214 -> 0 | S18: =IF($B40=0,0,R18/$B40*100) -> 0 | T18: =AVERAGE(Q18,S18) -> 0 | U18: =ROUND(N18,0) -> 0 | V18: =ROUND(T18,0) -> 0 | W18: =ROUND((U18+V18)/2,0) -> 0 | X18: =(N18+T18)/2 -> 0
A19: SV | B19: =COUNTIFS('1 · BBDD Casos incluidos'!$A$2:$A$29,$A19,'1 · BBDD Casos incluidos'!$K$2:$K$29,"sí") -> 0 | C19: =SUM(B61:F61) -> 0 | D19: =C19/5*100 -> 0 | E19: =SUM(B85:E85) -> 0 | F19: =E19/4*100 -> 0 | G19: =_xlfn.MAXIFS('1 · BBDD Casos incluidos'!$AY$2:$AY$29,'1 · BBDD Casos incluidos'!$A$2:$A$29,$A19) -> 0 | H19: =G19/3*100 -> 0 | I19: =SUM(B109:D109) -> 0 | J19: =SUM(B133:E133) -> 0 | K19: =SUMIFS('1 · BBDD Casos incluidos'!$BA$2:$BA$29,'1 · BBDD Casos incluidos'!$A$2:$A$29,$A19) -> 0 | L19: =(I19/3+J19/4+IF($B37=0,0,K19/$B37))/3*100 -> 0 | M19: =IF(B19<=$C$30,$D$30,IF(B19<=$C$31,$D$31,IF(B19<=$C$32,$D$32,IF(B19<=$C$33,$D$33,$D$34)))) -> 0 | N19: =AVERAGE(D19,F19,H19,L19,M19) -> 0 | O19: =SUM(B157:E157) -> 0 | P19: =SUM(B181:E181) -> 0 | Q19: =(IF($B38=0,0,O19/$B38)+IF($B39=0,0,P19/$B39))/2*100 -> 0 | R19: =R214 -> 0 | S19: =IF($B40=0,0,R19/$B40*100) -> 0 | T19: =AVERAGE(Q19,S19) -> 0 | U19: =ROUND(N19,0) -> 0 | V19: =ROUND(T19,0) -> 0 | W19: =ROUND((U19+V19)/2,0) -> 0 | X19: =(N19+T19)/2 -> 0
A20: TT | B20: =COUNTIFS('1 · BBDD Casos incluidos'!$A$2:$A$29,$A20,'1 · BBDD Casos incluidos'!$K$2:$K$29,"sí") -> 0 | C20: =SUM(B62:F62) -> 0 | D20: =C20/5*100 -> 0 | E20: =SUM(B86:E86) -> 0 | F20: =E20/4*100 -> 0 | G20: =_xlfn.MAXIFS('1 · BBDD Casos incluidos'!$AY$2:$AY$29,'1 · BBDD Casos incluidos'!$A$2:$A$29,$A20) -> 0 | H20: =G20/3*100 -> 0 | I20: =SUM(B110:D110) -> 0 | J20: =SUM(B134:E134) -> 0 | K20: =SUMIFS('1 · BBDD Casos incluidos'!$BA$2:$BA$29,'1 · BBDD Casos incluidos'!$A$2:$A$29,$A20) -> 0 | L20: =(I20/3+J20/4+IF($B37=0,0,K20/$B37))/3*100 -> 0 | M20: =IF(B20<=$C$30,$D$30,IF(B20<=$C$31,$D$31,IF(B20<=$C$32,$D$32,IF(B20<=$C$33,$D$33,$D$34)))) -> 0 | N20: =AVERAGE(D20,F20,H20,L20,M20) -> 0 | O20: =SUM(B158:E158) -> 0 | P20: =SUM(B182:E182) -> 0 | Q20: =(IF($B38=0,0,O20/$B38)+IF($B39=0,0,P20/$B39))/2*100 -> 0 | R20: =S214 -> 0 | S20: =IF($B40=0,0,R20/$B40*100) -> 0 | T20: =AVERAGE(Q20,S20) -> 0 | U20: =ROUND(N20,0) -> 0 | V20: =ROUND(T20,0) -> 0 | W20: =ROUND((U20+V20)/2,0) -> 0 | X20: =(N20+T20)/2 -> 0
A21: UY | B21: =COUNTIFS('1 · BBDD Casos incluidos'!$A$2:$A$29,$A21,'1 · BBDD Casos incluidos'!$K$2:$K$29,"sí") -> 1 | C21: =SUM(B63:F63) -> 1 | D21: =C21/5*100 -> 20 | E21: =SUM(B87:E87) -> 1 | F21: =E21/4*100 -> 25 | G21: =_xlfn.MAXIFS('1 · BBDD Casos incluidos'!$AY$2:$AY$29,'1 · BBDD Casos incluidos'!$A$2:$A$29,$A21) -> 2 | H21: =G21/3*100 -> 66.666667 | I21: =SUM(B111:D111) -> 0 | J21: =SUM(B135:E135) -> 1 | K21: =SUMIFS('1 · BBDD Casos incluidos'!$BA$2:$BA$29,'1 · BBDD Casos incluidos'!$A$2:$A$29,$A21) -> 0 | L21: =(I21/3+J21/4+IF($B37=0,0,K21/$B37))/3*100 -> 8.3333333 | M21: =IF(B21<=$C$30,$D$30,IF(B21<=$C$31,$D$31,IF(B21<=$C$32,$D$32,IF(B21<=$C$33,$D$33,$D$34)))) -> 25 | N21: =AVERAGE(D21,F21,H21,L21,M21) -> 29 | O21: =SUM(B159:E159) -> 0 | P21: =SUM(B183:E183) -> 1 | Q21: =(IF($B38=0,0,O21/$B38)+IF($B39=0,0,P21/$B39))/2*100 -> 16.666667 | R21: =T214 -> 2 | S21: =IF($B40=0,0,R21/$B40*100) -> 18.181818 | T21: =AVERAGE(Q21,S21) -> 17.424242 | U21: =ROUND(N21,0) -> 29 | V21: =ROUND(T21,0) -> 17 | W21: =ROUND((U21+V21)/2,0) -> 23 | X21: =(N21+T21)/2 -> 23.212121
A22: VE | B22: =COUNTIFS('1 · BBDD Casos incluidos'!$A$2:$A$29,$A22,'1 · BBDD Casos incluidos'!$K$2:$K$29,"sí") -> 1 | C22: =SUM(B64:F64) -> 1 | D22: =C22/5*100 -> 20 | E22: =SUM(B88:E88) -> 1 | F22: =E22/4*100 -> 25 | G22: =_xlfn.MAXIFS('1 · BBDD Casos incluidos'!$AY$2:$AY$29,'1 · BBDD Casos incluidos'!$A$2:$A$29,$A22) -> 1 | H22: =G22/3*100 -> 33.333333 | I22: =SUM(B112:D112) -> 1 | J22: =SUM(B136:E136) -> 0 | K22: =SUMIFS('1 · BBDD Casos incluidos'!$BA$2:$BA$29,'1 · BBDD Casos incluidos'!$A$2:$A$29,$A22) -> 0 | L22: =(I22/3+J22/4+IF($B37=0,0,K22/$B37))/3*100 -> 11.111111 | M22: =IF(B22<=$C$30,$D$30,IF(B22<=$C$31,$D$31,IF(B22<=$C$32,$D$32,IF(B22<=$C$33,$D$33,$D$34)))) -> 25 | N22: =AVERAGE(D22,F22,H22,L22,M22) -> 22.888889 | O22: =SUM(B160:E160) -> 1 | P22: =SUM(B184:E184) -> 0 | Q22: =(IF($B38=0,0,O22/$B38)+IF($B39=0,0,P22/$B39))/2*100 -> 12.5 | R22: =U214 -> 1 | S22: =IF($B40=0,0,R22/$B40*100) -> 9.0909091 | T22: =AVERAGE(Q22,S22) -> 10.795455 | U22: =ROUND(N22,0) -> 23 | V22: =ROUND(T22,0) -> 11 | W22: =ROUND((U22+V22)/2,0) -> 17 | X22: =(N22+T22)/2 -> 16.842172
A24: PARÁMETROS DEL CICLO (celdas de entrada en azul; máximos por fórmula)
A25: Año de referencia del ciclo | B25: 2026
A26: Caducidad de anuncio (años) | B26: 2
A28: Umbrales de Cantidad de iniciativas
A29: tramo | B29: mín (N) | C29: máx (N) | D29: valor
A30: 0 | B30: 0 | C30: 0 | D30: 0
A31: 1 | B31: 1 | C31: 3 | D31: 25
A32: 2 | B32: 4 | C32: 6 | D32: 50
A33: 3 | B33: 7 | C33: 9 | D33: 75
A34: 4 | B34: 10 | C34: — | D34: 100
A36: Máximos relativos del ciclo (fórmulas MAX)
A37: Máx. combinaciones | B37: =MAX(K3:K22) -> 2
A38: Máx. desarrolladores nacionales | B38: =MAX(O3:O22) -> 4
A39: Máx. desarrolladores internacionales | B39: =MAX(P3:P22) -> 3
A40: Máx. sistemas de IA | B40: =MAX(R3:R22) -> 11
A43: GRILLA — Presencia de Tipos de Proceso (20 países × 5)
A44: País | B44: Participación Digital | C44: Gobernanza Colaborativa | D44: Mini públicos | E44: Referendos e Iniciativas Populares | F44: Presupuestos Participativos
A45: =A3 -> AR | B45: =IF(COUNTIFS('1 · BBDD Casos incluidos'!$A$2:$A$29,$A45,'1 · BBDD Casos incluidos'!$AC$2:$AC$29,1)>0,1,0) -> 0 | C45: =IF(COUNTIFS('1 · BBDD Casos incluidos'!$A$2:$A$29,$A45,'1 · BBDD Casos incluidos'!$AD$2:$AD$29,1)>0,1,0) -> 0 | D45: =IF(COUNTIFS('1 · BBDD Casos incluidos'!$A$2:$A$29,$A45,'1 · BBDD Casos incluidos'!$AE$2:$AE$29,1)>0,1,0) -> 0 | E45: =IF(COUNTIFS('1 · BBDD Casos incluidos'!$A$2:$A$29,$A45,'1 · BBDD Casos incluidos'!$AF$2:$AF$29,1)>0,1,0) -> 0 | F45: =IF(COUNTIFS('1 · BBDD Casos incluidos'!$A$2:$A$29,$A45,'1 · BBDD Casos incluidos'!$AG$2:$AG$29,1)>0,1,0) -> 0
A46: =A4 -> BO | B46: =IF(COUNTIFS('1 · BBDD Casos incluidos'!$A$2:$A$29,$A46,'1 · BBDD Casos incluidos'!$AC$2:$AC$29,1)>0,1,0) -> 0 | C46: =IF(COUNTIFS('1 · BBDD Casos incluidos'!$A$2:$A$29,$A46,'1 · BBDD Casos incluidos'!$AD$2:$AD$29,1)>0,1,0) -> 1 | D46: =IF(COUNTIFS('1 · BBDD Casos incluidos'!$A$2:$A$29,$A46,'1 · BBDD Casos incluidos'!$AE$2:$AE$29,1)>0,1,0) -> 0 | E46: =IF(COUNTIFS('1 · BBDD Casos incluidos'!$A$2:$A$29,$A46,'1 · BBDD Casos incluidos'!$AF$2:$AF$29,1)>0,1,0) -> 0 | F46: =IF(COUNTIFS('1 · BBDD Casos incluidos'!$A$2:$A$29,$A46,'1 · BBDD Casos incluidos'!$AG$2:$AG$29,1)>0,1,0) -> 0
A47: =A5 -> BR | B47: =IF(COUNTIFS('1 · BBDD Casos incluidos'!$A$2:$A$29,$A47,'1 · BBDD Casos incluidos'!$AC$2:$AC$29,1)>0,1,0) -> 1 | C47: =IF(COUNTIFS('1 · BBDD Casos incluidos'!$A$2:$A$29,$A47,'1 · BBDD Casos incluidos'!$AD$2:$AD$29,1)>0,1,0) -> 1 | D47: =IF(COUNTIFS('1 · BBDD Casos incluidos'!$A$2:$A$29,$A47,'1 · BBDD Casos incluidos'!$AE$2:$AE$29,1)>0,1,0) -> 1 | E47: =IF(COUNTIFS('1 · BBDD Casos incluidos'!$A$2:$A$29,$A47,'1 · BBDD Casos incluidos'!$AF$2:$AF$29,1)>0,1,0) -> 1 | F47: =IF(COUNTIFS('1 · BBDD Casos incluidos'!$A$2:$A$29,$A47,'1 · BBDD Casos incluidos'!$AG$2:$AG$29,1)>0,1,0) -> 1
A48: =A6 -> CL | B48: =IF(COUNTIFS('1 · BBDD Casos incluidos'!$A$2:$A$29,$A48,'1 · BBDD Casos incluidos'!$AC$2:$AC$29,1)>0,1,0) -> 1 | C48: =IF(COUNTIFS('1 · BBDD Casos incluidos'!$A$2:$A$29,$A48,'1 · BBDD Casos incluidos'!$AD$2:$AD$29,1)>0,1,0) -> 1 | D48: =IF(COUNTIFS('1 · BBDD Casos incluidos'!$A$2:$A$29,$A48,'1 · BBDD Casos incluidos'!$AE$2:$AE$29,1)>0,1,0) -> 1 | E48: =IF(COUNTIFS('1 · BBDD Casos incluidos'!$A$2:$A$29,$A48,'1 · BBDD Casos incluidos'!$AF$2:$AF$29,1)>0,1,0) -> 0 | F48: =IF(COUNTIFS('1 · BBDD Casos incluidos'!$A$2:$A$29,$A48,'1 · BBDD Casos incluidos'!$AG$2:$AG$29,1)>0,1,0) -> 0
A49: =A7 -> CO | B49: =IF(COUNTIFS('1 · BBDD Casos incluidos'!$A$2:$A$29,$A49,'1 · BBDD Casos incluidos'!$AC$2:$AC$29,1)>0,1,0) -> 1 | C49: =IF(COUNTIFS('1 · BBDD Casos incluidos'!$A$2:$A$29,$A49,'1 · BBDD Casos incluidos'!$AD$2:$AD$29,1)>0,1,0) -> 1 | D49: =IF(COUNTIFS('1 · BBDD Casos incluidos'!$A$2:$A$29,$A49,'1 · BBDD Casos incluidos'!$AE$2:$AE$29,1)>0,1,0) -> 0 | E49: =IF(COUNTIFS('1 · BBDD Casos incluidos'!$A$2:$A$29,$A49,'1 · BBDD Casos incluidos'!$AF$2:$AF$29,1)>0,1,0) -> 0 | F49: =IF(COUNTIFS('1 · BBDD Casos incluidos'!$A$2:$A$29,$A49,'1 · BBDD Casos incluidos'!$AG$2:$AG$29,1)>0,1,0) -> 1
A50: =A8 -> CR | B50: =IF(COUNTIFS('1 · BBDD Casos incluidos'!$A$2:$A$29,$A50,'1 · BBDD Casos incluidos'!$AC$2:$AC$29,1)>0,1,0) -> 0 | C50: =IF(COUNTIFS('1 · BBDD Casos incluidos'!$A$2:$A$29,$A50,'1 · BBDD Casos incluidos'!$AD$2:$AD$29,1)>0,1,0) -> 0 | D50: =IF(COUNTIFS('1 · BBDD Casos incluidos'!$A$2:$A$29,$A50,'1 · BBDD Casos incluidos'!$AE$2:$AE$29,1)>0,1,0) -> 0 | E50: =IF(COUNTIFS('1 · BBDD Casos incluidos'!$A$2:$A$29,$A50,'1 · BBDD Casos incluidos'!$AF$2:$AF$29,1)>0,1,0) -> 0 | F50: =IF(COUNTIFS('1 · BBDD Casos incluidos'!$A$2:$A$29,$A50,'1 · BBDD Casos incluidos'!$AG$2:$AG$29,1)>0,1,0) -> 0
A51: =A9 -> CU | B51: =IF(COUNTIFS('1 · BBDD Casos incluidos'!$A$2:$A$29,$A51,'1 · BBDD Casos incluidos'!$AC$2:$AC$29,1)>0,1,0) -> 1 | C51: =IF(COUNTIFS('1 · BBDD Casos incluidos'!$A$2:$A$29,$A51,'1 · BBDD Casos incluidos'!$AD$2:$AD$29,1)>0,1,0) -> 0 | D51: =IF(COUNTIFS('1 · BBDD Casos incluidos'!$A$2:$A$29,$A51,'1 · BBDD Casos incluidos'!$AE$2:$AE$29,1)>0,1,0) -> 0 | E51: =IF(COUNTIFS('1 · BBDD Casos incluidos'!$A$2:$A$29,$A51,'1 · BBDD Casos incluidos'!$AF$2:$AF$29,1)>0,1,0) -> 1 | F51: =IF(COUNTIFS('1 · BBDD Casos incluidos'!$A$2:$A$29,$A51,'1 · BBDD Casos incluidos'!$AG$2:$AG$29,1)>0,1,0) -> 0
A52: =A10 -> DO | B52: =IF(COUNTIFS('1 · BBDD Casos incluidos'!$A$2:$A$29,$A52,'1 · BBDD Casos incluidos'!$AC$2:$AC$29,1)>0,1,0) -> 0 | C52: =IF(COUNTIFS('1 · BBDD Casos incluidos'!$A$2:$A$29,$A52,'1 · BBDD Casos incluidos'!$AD$2:$AD$29,1)>0,1,0) -> 0 | D52: =IF(COUNTIFS('1 · BBDD Casos incluidos'!$A$2:$A$29,$A52,'1 · BBDD Casos incluidos'!$AE$2:$AE$29,1)>0,1,0) -> 0 | E52: =IF(COUNTIFS('1 · BBDD Casos incluidos'!$A$2:$A$29,$A52,'1 · BBDD Casos incluidos'!$AF$2:$AF$29,1)>0,1,0) -> 0 | F52: =IF(COUNTIFS('1 · BBDD Casos incluidos'!$A$2:$A$29,$A52,'1 · BBDD Casos incluidos'!$AG$2:$AG$29,1)>0,1,0) -> 0
A53: =A11 -> EC | B53: =IF(COUNTIFS('1 · BBDD Casos incluidos'!$A$2:$A$29,$A53,'1 · BBDD Casos incluidos'!$AC$2:$AC$29,1)>0,1,0) -> 0 | C53: =IF(COUNTIFS('1 · BBDD Casos incluidos'!$A$2:$A$29,$A53,'1 · BBDD Casos incluidos'!$AD$2:$AD$29,1)>0,1,0) -> 0 | D53: =IF(COUNTIFS('1 · BBDD Casos incluidos'!$A$2:$A$29,$A53,'1 · BBDD Casos incluidos'!$AE$2:$AE$29,1)>0,1,0) -> 0 | E53: =IF(COUNTIFS('1 · BBDD Casos incluidos'!$A$2:$A$29,$A53,'1 · BBDD Casos incluidos'!$AF$2:$AF$29,1)>0,1,0) -> 1 | F53: =IF(COUNTIFS('1 · BBDD Casos incluidos'!$A$2:$A$29,$A53,'1 · BBDD Casos incluidos'!$AG$2:$AG$29,1)>0,1,0) -> 0
A54: =A12 -> GT | B54: =IF(COUNTIFS('1 · BBDD Casos incluidos'!$A$2:$A$29,$A54,'1 · BBDD Casos incluidos'!$AC$2:$AC$29,1)>0,1,0) -> 0 | C54: =IF(COUNTIFS('1 · BBDD Casos incluidos'!$A$2:$A$29,$A54,'1 · BBDD Casos incluidos'!$AD$2:$AD$29,1)>0,1,0) -> 1 | D54: =IF(COUNTIFS('1 · BBDD Casos incluidos'!$A$2:$A$29,$A54,'1 · BBDD Casos incluidos'!$AE$2:$AE$29,1)>0,1,0) -> 0 | E54: =IF(COUNTIFS('1 · BBDD Casos incluidos'!$A$2:$A$29,$A54,'1 · BBDD Casos incluidos'!$AF$2:$AF$29,1)>0,1,0) -> 0 | F54: =IF(COUNTIFS('1 · BBDD Casos incluidos'!$A$2:$A$29,$A54,'1 · BBDD Casos incluidos'!$AG$2:$AG$29,1)>0,1,0) -> 0
A55: =A13 -> HN | B55: =IF(COUNTIFS('1 · BBDD Casos incluidos'!$A$2:$A$29,$A55,'1 · BBDD Casos incluidos'!$AC$2:$AC$29,1)>0,1,0) -> 0 | C55: =IF(COUNTIFS('1 · BBDD Casos incluidos'!$A$2:$A$29,$A55,'1 · BBDD Casos incluidos'!$AD$2:$AD$29,1)>0,1,0) -> 0 | D55: =IF(COUNTIFS('1 · BBDD Casos incluidos'!$A$2:$A$29,$A55,'1 · BBDD Casos incluidos'!$AE$2:$AE$29,1)>0,1,0) -> 0 | E55: =IF(COUNTIFS('1 · BBDD Casos incluidos'!$A$2:$A$29,$A55,'1 · BBDD Casos incluidos'!$AF$2:$AF$29,1)>0,1,0) -> 0 | F55: =IF(COUNTIFS('1 · BBDD Casos incluidos'!$A$2:$A$29,$A55,'1 · BBDD Casos incluidos'!$AG$2:$AG$29,1)>0,1,0) -> 0
A56: =A14 -> JM | B56: =IF(COUNTIFS('1 · BBDD Casos incluidos'!$A$2:$A$29,$A56,'1 · BBDD Casos incluidos'!$AC$2:$AC$29,1)>0,1,0) -> 0 | C56: =IF(COUNTIFS('1 · BBDD Casos incluidos'!$A$2:$A$29,$A56,'1 · BBDD Casos incluidos'!$AD$2:$AD$29,1)>0,1,0) -> 0 | D56: =IF(COUNTIFS('1 · BBDD Casos incluidos'!$A$2:$A$29,$A56,'1 · BBDD Casos incluidos'!$AE$2:$AE$29,1)>0,1,0) -> 0 | E56: =IF(COUNTIFS('1 · BBDD Casos incluidos'!$A$2:$A$29,$A56,'1 · BBDD Casos incluidos'!$AF$2:$AF$29,1)>0,1,0) -> 0 | F56: =IF(COUNTIFS('1 · BBDD Casos incluidos'!$A$2:$A$29,$A56,'1 · BBDD Casos incluidos'!$AG$2:$AG$29,1)>0,1,0) -> 0
... A64: =A22 -> VE | B64: =IF(COUNTIFS('1 · BBDD Casos incluidos'!$A$2:$A$29,$A64,'1 · BBDD Casos incluidos'!$AC$2:$AC$29,1)>0,1,0) -> 0 | C64: =IF(COUNTIFS('1 · BBDD Casos incluidos'!$A$2:$A$29,$A64,'1 · BBDD Casos incluidos'!$AD$2:$AD$29,1)>0,1,0) -> 0 | D64: =IF(COUNTIFS('1 · BBDD Casos incluidos'!$A$2:$A$29,$A64,'1 · BBDD Casos incluidos'!$AE$2:$AE$29,1)>0,1,0) -> 0 | E64: =IF(COUNTIFS('1 · BBDD Casos incluidos'!$A$2:$A$29,$A64,'1 · BBDD Casos incluidos'!$AF$2:$AF$29,1)>0,1,0) -> 1 | F64: =IF(COUNTIFS('1 · BBDD Casos incluidos'!$A$2:$A$29,$A64,'1 · BBDD Casos incluidos'!$AG$2:$AG$29,1)>0,1,0) -> 0
A67: GRILLA — Presencia de Etapas de uso (20 × 4)
A68: País | B68: Planificación | C68: Implementación | D68: Análisis | E68: Traducción Política
A69: =A3 -> AR | B69: =IF(COUNTIFS('1 · BBDD Casos incluidos'!$A$2:$A$29,$A69,'1 · BBDD Casos incluidos'!$AH$2:$AH$29,1)>0,1,0) -> 0 | C69: =IF(COUNTIFS('1 · BBDD Casos incluidos'!$A$2:$A$29,$A69,'1 · BBDD Casos incluidos'!$AI$2:$AI$29,1)>0,1,0) -> 0 | D69: =IF(COUNTIFS('1 · BBDD Casos incluidos'!$A$2:$A$29,$A69,'1 · BBDD Casos incluidos'!$AJ$2:$AJ$29,1)>0,1,0) -> 0 | E69: =IF(COUNTIFS('1 · BBDD Casos incluidos'!$A$2:$A$29,$A69,'1 · BBDD Casos incluidos'!$AK$2:$AK$29,1)>0,1,0) -> 0
A70: =A4 -> BO | B70: =IF(COUNTIFS('1 · BBDD Casos incluidos'!$A$2:$A$29,$A70,'1 · BBDD Casos incluidos'!$AH$2:$AH$29,1)>0,1,0) -> 0 | C70: =IF(COUNTIFS('1 · BBDD Casos incluidos'!$A$2:$A$29,$A70,'1 · BBDD Casos incluidos'!$AI$2:$AI$29,1)>0,1,0) -> 1 | D70: =IF(COUNTIFS('1 · BBDD Casos incluidos'!$A$2:$A$29,$A70,'1 · BBDD Casos incluidos'!$AJ$2:$AJ$29,1)>0,1,0) -> 1 | E70: =IF(COUNTIFS('1 · BBDD Casos incluidos'!$A$2:$A$29,$A70,'1 · BBDD Casos incluidos'!$AK$2:$AK$29,1)>0,1,0) -> 0
A71: =A5 -> BR | B71: =IF(COUNTIFS('1 · BBDD Casos incluidos'!$A$2:$A$29,$A71,'1 · BBDD Casos incluidos'!$AH$2:$AH$29,1)>0,1,0) -> 0 | C71: =IF(COUNTIFS('1 · BBDD Casos incluidos'!$A$2:$A$29,$A71,'1 · BBDD Casos incluidos'!$AI$2:$AI$29,1)>0,1,0) -> 1 | D71: =IF(COUNTIFS('1 · BBDD Casos incluidos'!$A$2:$A$29,$A71,'1 · BBDD Casos incluidos'!$AJ$2:$AJ$29,1)>0,1,0) -> 1 | E71: =IF(COUNTIFS('1 · BBDD Casos incluidos'!$A$2:$A$29,$A71,'1 · BBDD Casos incluidos'!$AK$2:$AK$29,1)>0,1,0) -> 1
A72: =A6 -> CL | B72: =IF(COUNTIFS('1 · BBDD Casos incluidos'!$A$2:$A$29,$A72,'1 · BBDD Casos incluidos'!$AH$2:$AH$29,1)>0,1,0) -> 1 | C72: =IF(COUNTIFS('1 · BBDD Casos incluidos'!$A$2:$A$29,$A72,'1 · BBDD Casos incluidos'!$AI$2:$AI$29,1)>0,1,0) -> 1 | D72: =IF(COUNTIFS('1 · BBDD Casos incluidos'!$A$2:$A$29,$A72,'1 · BBDD Casos incluidos'!$AJ$2:$AJ$29,1)>0,1,0) -> 1 | E72: =IF(COUNTIFS('1 · BBDD Casos incluidos'!$A$2:$A$29,$A72,'1 · BBDD Casos incluidos'!$AK$2:$AK$29,1)>0,1,0) -> 0
A73: =A7 -> CO | B73: =IF(COUNTIFS('1 · BBDD Casos incluidos'!$A$2:$A$29,$A73,'1 · BBDD Casos incluidos'!$AH$2:$AH$29,1)>0,1,0) -> 0 | C73: =IF(COUNTIFS('1 · BBDD Casos incluidos'!$A$2:$A$29,$A73,'1 · BBDD Casos incluidos'!$AI$2:$AI$29,1)>0,1,0) -> 1 | D73: =IF(COUNTIFS('1 · BBDD Casos incluidos'!$A$2:$A$29,$A73,'1 · BBDD Casos incluidos'!$AJ$2:$AJ$29,1)>0,1,0) -> 1 | E73: =IF(COUNTIFS('1 · BBDD Casos incluidos'!$A$2:$A$29,$A73,'1 · BBDD Casos incluidos'!$AK$2:$AK$29,1)>0,1,0) -> 0
A74: =A8 -> CR | B74: =IF(COUNTIFS('1 · BBDD Casos incluidos'!$A$2:$A$29,$A74,'1 · BBDD Casos incluidos'!$AH$2:$AH$29,1)>0,1,0) -> 0 | C74: =IF(COUNTIFS('1 · BBDD Casos incluidos'!$A$2:$A$29,$A74,'1 · BBDD Casos incluidos'!$AI$2:$AI$29,1)>0,1,0) -> 0 | D74: =IF(COUNTIFS('1 · BBDD Casos incluidos'!$A$2:$A$29,$A74,'1 · BBDD Casos incluidos'!$AJ$2:$AJ$29,1)>0,1,0) -> 0 | E74: =IF(COUNTIFS('1 · BBDD Casos incluidos'!$A$2:$A$29,$A74,'1 · BBDD Casos incluidos'!$AK$2:$AK$29,1)>0,1,0) -> 0
A75: =A9 -> CU | B75: =IF(COUNTIFS('1 · BBDD Casos incluidos'!$A$2:$A$29,$A75,'1 · BBDD Casos incluidos'!$AH$2:$AH$29,1)>0,1,0) -> 0 | C75: =IF(COUNTIFS('1 · BBDD Casos incluidos'!$A$2:$A$29,$A75,'1 · BBDD Casos incluidos'!$AI$2:$AI$29,1)>0,1,0) -> 0 | D75: =IF(COUNTIFS('1 · BBDD Casos incluidos'!$A$2:$A$29,$A75,'1 · BBDD Casos incluidos'!$AJ$2:$AJ$29,1)>0,1,0) -> 1 | E75: =IF(COUNTIFS('1 · BBDD Casos incluidos'!$A$2:$A$29,$A75,'1 · BBDD Casos incluidos'!$AK$2:$AK$29,1)>0,1,0) -> 0
A76: =A10 -> DO | B76: =IF(COUNTIFS('1 · BBDD Casos incluidos'!$A$2:$A$29,$A76,'1 · BBDD Casos incluidos'!$AH$2:$AH$29,1)>0,1,0) -> 0 | C76: =IF(COUNTIFS('1 · BBDD Casos incluidos'!$A$2:$A$29,$A76,'1 · BBDD Casos incluidos'!$AI$2:$AI$29,1)>0,1,0) -> 0 | D76: =IF(COUNTIFS('1 · BBDD Casos incluidos'!$A$2:$A$29,$A76,'1 · BBDD Casos incluidos'!$AJ$2:$AJ$29,1)>0,1,0) -> 0 | E76: =IF(COUNTIFS('1 · BBDD Casos incluidos'!$A$2:$A$29,$A76,'1 · BBDD Casos incluidos'!$AK$2:$AK$29,1)>0,1,0) -> 0
A77: =A11 -> EC | B77: =IF(COUNTIFS('1 · BBDD Casos incluidos'!$A$2:$A$29,$A77,'1 · BBDD Casos incluidos'!$AH$2:$AH$29,1)>0,1,0) -> 0 | C77: =IF(COUNTIFS('1 · BBDD Casos incluidos'!$A$2:$A$29,$A77,'1 · BBDD Casos incluidos'!$AI$2:$AI$29,1)>0,1,0) -> 1 | D77: =IF(COUNTIFS('1 · BBDD Casos incluidos'!$A$2:$A$29,$A77,'1 · BBDD Casos incluidos'!$AJ$2:$AJ$29,1)>0,1,0) -> 0 | E77: =IF(COUNTIFS('1 · BBDD Casos incluidos'!$A$2:$A$29,$A77,'1 · BBDD Casos incluidos'!$AK$2:$AK$29,1)>0,1,0) -> 0
A78: =A12 -> GT | B78: =IF(COUNTIFS('1 · BBDD Casos incluidos'!$A$2:$A$29,$A78,'1 · BBDD Casos incluidos'!$AH$2:$AH$29,1)>0,1,0) -> 0 | C78: =IF(COUNTIFS('1 · BBDD Casos incluidos'!$A$2:$A$29,$A78,'1 · BBDD Casos incluidos'!$AI$2:$AI$29,1)>0,1,0) -> 1 | D78: =IF(COUNTIFS('1 · BBDD Casos incluidos'!$A$2:$A$29,$A78,'1 · BBDD Casos incluidos'!$AJ$2:$AJ$29,1)>0,1,0) -> 1 | E78: =IF(COUNTIFS('1 · BBDD Casos incluidos'!$A$2:$A$29,$A78,'1 · BBDD Casos incluidos'!$AK$2:$AK$29,1)>0,1,0) -> 0
A79: =A13 -> HN | B79: =IF(COUNTIFS('1 · BBDD Casos incluidos'!$A$2:$A$29,$A79,'1 · BBDD Casos incluidos'!$AH$2:$AH$29,1)>0,1,0) -> 0 | C79: =IF(COUNTIFS('1 · BBDD Casos incluidos'!$A$2:$A$29,$A79,'1 · BBDD Casos incluidos'!$AI$2:$AI$29,1)>0,1,0) -> 0 | D79: =IF(COUNTIFS('1 · BBDD Casos incluidos'!$A$2:$A$29,$A79,'1 · BBDD Casos incluidos'!$AJ$2:$AJ$29,1)>0,1,0) -> 0 | E79: =IF(COUNTIFS('1 · BBDD Casos incluidos'!$A$2:$A$29,$A79,'1 · BBDD Casos incluidos'!$AK$2:$AK$29,1)>0,1,0) -> 0
A80: =A14 -> JM | B80: =IF(COUNTIFS('1 · BBDD Casos incluidos'!$A$2:$A$29,$A80,'1 · BBDD Casos incluidos'!$AH$2:$AH$29,1)>0,1,0) -> 0 | C80: =IF(COUNTIFS('1 · BBDD Casos incluidos'!$A$2:$A$29,$A80,'1 · BBDD Casos incluidos'!$AI$2:$AI$29,1)>0,1,0) -> 0 | D80: =IF(COUNTIFS('1 · BBDD Casos incluidos'!$A$2:$A$29,$A80,'1 · BBDD Casos incluidos'!$AJ$2:$AJ$29,1)>0,1,0) -> 0 | E80: =IF(COUNTIFS('1 · BBDD Casos incluidos'!$A$2:$A$29,$A80,'1 · BBDD Casos incluidos'!$AK$2:$AK$29,1)>0,1,0) -> 0
... A88: =A22 -> VE | B88: =IF(COUNTIFS('1 · BBDD Casos incluidos'!$A$2:$A$29,$A88,'1 · BBDD Casos incluidos'!$AH$2:$AH$29,1)>0,1,0) -> 0 | C88: =IF(COUNTIFS('1 · BBDD Casos incluidos'!$A$2:$A$29,$A88,'1 · BBDD Casos incluidos'!$AI$2:$AI$29,1)>0,1,0) -> 0 | D88: =IF(COUNTIFS('1 · BBDD Casos incluidos'!$A$2:$A$29,$A88,'1 · BBDD Casos incluidos'!$AJ$2:$AJ$29,1)>0,1,0) -> 1 | E88: =IF(COUNTIFS('1 · BBDD Casos incluidos'!$A$2:$A$29,$A88,'1 · BBDD Casos incluidos'!$AK$2:$AK$29,1)>0,1,0) -> 0
A91: GRILLA — Convocante gubernamental (20 × 3)
A92: País | B92: gobierno local | C92: gobierno nacional | D92: otra institución pública
A93: =A3 -> AR | B93: =IF(COUNTIFS('1 · BBDD Casos incluidos'!$A$2:$A$29,$A93,'1 · BBDD Casos incluidos'!$AL$2:$AL$29,1)>0,1,0) -> 0 | C93: =IF(COUNTIFS('1 · BBDD Casos incluidos'!$A$2:$A$29,$A93,'1 · BBDD Casos incluidos'!$AM$2:$AM$29,1)>0,1,0) -> 0 | D93: =IF(COUNTIFS('1 · BBDD Casos incluidos'!$A$2:$A$29,$A93,'1 · BBDD Casos incluidos'!$AN$2:$AN$29,1)>0,1,0) -> 0
A94: =A4 -> BO | B94: =IF(COUNTIFS('1 · BBDD Casos incluidos'!$A$2:$A$29,$A94,'1 · BBDD Casos incluidos'!$AL$2:$AL$29,1)>0,1,0) -> 0 | C94: =IF(COUNTIFS('1 · BBDD Casos incluidos'!$A$2:$A$29,$A94,'1 · BBDD Casos incluidos'!$AM$2:$AM$29,1)>0,1,0) -> 1 | D94: =IF(COUNTIFS('1 · BBDD Casos incluidos'!$A$2:$A$29,$A94,'1 · BBDD Casos incluidos'!$AN$2:$AN$29,1)>0,1,0) -> 0
A95: =A5 -> BR | B95: =IF(COUNTIFS('1 · BBDD Casos incluidos'!$A$2:$A$29,$A95,'1 · BBDD Casos incluidos'!$AL$2:$AL$29,1)>0,1,0) -> 1 | C95: =IF(COUNTIFS('1 · BBDD Casos incluidos'!$A$2:$A$29,$A95,'1 · BBDD Casos incluidos'!$AM$2:$AM$29,1)>0,1,0) -> 1 | D95: =IF(COUNTIFS('1 · BBDD Casos incluidos'!$A$2:$A$29,$A95,'1 · BBDD Casos incluidos'!$AN$2:$AN$29,1)>0,1,0) -> 0
A96: =A6 -> CL | B96: =IF(COUNTIFS('1 · BBDD Casos incluidos'!$A$2:$A$29,$A96,'1 · BBDD Casos incluidos'!$AL$2:$AL$29,1)>0,1,0) -> 0 | C96: =IF(COUNTIFS('1 · BBDD Casos incluidos'!$A$2:$A$29,$A96,'1 · BBDD Casos incluidos'!$AM$2:$AM$29,1)>0,1,0) -> 1 | D96: =IF(COUNTIFS('1 · BBDD Casos incluidos'!$A$2:$A$29,$A96,'1 · BBDD Casos incluidos'!$AN$2:$AN$29,1)>0,1,0) -> 0
A97: =A7 -> CO | B97: =IF(COUNTIFS('1 · BBDD Casos incluidos'!$A$2:$A$29,$A97,'1 · BBDD Casos incluidos'!$AL$2:$AL$29,1)>0,1,0) -> 1 | C97: =IF(COUNTIFS('1 · BBDD Casos incluidos'!$A$2:$A$29,$A97,'1 · BBDD Casos incluidos'!$AM$2:$AM$29,1)>0,1,0) -> 0 | D97: =IF(COUNTIFS('1 · BBDD Casos incluidos'!$A$2:$A$29,$A97,'1 · BBDD Casos incluidos'!$AN$2:$AN$29,1)>0,1,0) -> 0
A98: =A8 -> CR | B98: =IF(COUNTIFS('1 · BBDD Casos incluidos'!$A$2:$A$29,$A98,'1 · BBDD Casos incluidos'!$AL$2:$AL$29,1)>0,1,0) -> 0 | C98: =IF(COUNTIFS('1 · BBDD Casos incluidos'!$A$2:$A$29,$A98,'1 · BBDD Casos incluidos'!$AM$2:$AM$29,1)>0,1,0) -> 0 | D98: =IF(COUNTIFS('1 · BBDD Casos incluidos'!$A$2:$A$29,$A98,'1 · BBDD Casos incluidos'!$AN$2:$AN$29,1)>0,1,0) -> 0
A99: =A9 -> CU | B99: =IF(COUNTIFS('1 · BBDD Casos incluidos'!$A$2:$A$29,$A99,'1 · BBDD Casos incluidos'!$AL$2:$AL$29,1)>0,1,0) -> 0 | C99: =IF(COUNTIFS('1 · BBDD Casos incluidos'!$A$2:$A$29,$A99,'1 · BBDD Casos incluidos'!$AM$2:$AM$29,1)>0,1,0) -> 1 | D99: =IF(COUNTIFS('1 · BBDD Casos incluidos'!$A$2:$A$29,$A99,'1 · BBDD Casos incluidos'!$AN$2:$AN$29,1)>0,1,0) -> 0
A100: =A10 -> DO | B100: =IF(COUNTIFS('1 · BBDD Casos incluidos'!$A$2:$A$29,$A100,'1 · BBDD Casos incluidos'!$AL$2:$AL$29,1)>0,1,0) -> 0 | C100: =IF(COUNTIFS('1 · BBDD Casos incluidos'!$A$2:$A$29,$A100,'1 · BBDD Casos incluidos'!$AM$2:$AM$29,1)>0,1,0) -> 0 | D100: =IF(COUNTIFS('1 · BBDD Casos incluidos'!$A$2:$A$29,$A100,'1 · BBDD Casos incluidos'!$AN$2:$AN$29,1)>0,1,0) -> 0
A101: =A11 -> EC | B101: =IF(COUNTIFS('1 · BBDD Casos incluidos'!$A$2:$A$29,$A101,'1 · BBDD Casos incluidos'!$AL$2:$AL$29,1)>0,1,0) -> 0 | C101: =IF(COUNTIFS('1 · BBDD Casos incluidos'!$A$2:$A$29,$A101,'1 · BBDD Casos incluidos'!$AM$2:$AM$29,1)>0,1,0) -> 1 | D101: =IF(COUNTIFS('1 · BBDD Casos incluidos'!$A$2:$A$29,$A101,'1 · BBDD Casos incluidos'!$AN$2:$AN$29,1)>0,1,0) -> 0
A102: =A12 -> GT | B102: =IF(COUNTIFS('1 · BBDD Casos incluidos'!$A$2:$A$29,$A102,'1 · BBDD Casos incluidos'!$AL$2:$AL$29,1)>0,1,0) -> 0 | C102: =IF(COUNTIFS('1 · BBDD Casos incluidos'!$A$2:$A$29,$A102,'1 · BBDD Casos incluidos'!$AM$2:$AM$29,1)>0,1,0) -> 0 | D102: =IF(COUNTIFS('1 · BBDD Casos incluidos'!$A$2:$A$29,$A102,'1 · BBDD Casos incluidos'!$AN$2:$AN$29,1)>0,1,0) -> 0
A103: =A13 -> HN | B103: =IF(COUNTIFS('1 · BBDD Casos incluidos'!$A$2:$A$29,$A103,'1 · BBDD Casos incluidos'!$AL$2:$AL$29,1)>0,1,0) -> 0 | C103: =IF(COUNTIFS('1 · BBDD Casos incluidos'!$A$2:$A$29,$A103,'1 · BBDD Casos incluidos'!$AM$2:$AM$29,1)>0,1,0) -> 0 | D103: =IF(COUNTIFS('1 · BBDD Casos incluidos'!$A$2:$A$29,$A103,'1 · BBDD Casos incluidos'!$AN$2:$AN$29,1)>0,1,0) -> 0
A104: =A14 -> JM | B104: =IF(COUNTIFS('1 · BBDD Casos incluidos'!$A$2:$A$29,$A104,'1 · BBDD Casos incluidos'!$AL$2:$AL$29,1)>0,1,0) -> 0 | C104: =IF(COUNTIFS('1 · BBDD Casos incluidos'!$A$2:$A$29,$A104,'1 · BBDD Casos incluidos'!$AM$2:$AM$29,1)>0,1,0) -> 0 | D104: =IF(COUNTIFS('1 · BBDD Casos incluidos'!$A$2:$A$29,$A104,'1 · BBDD Casos incluidos'!$AN$2:$AN$29,1)>0,1,0) -> 0
... A112: =A22 -> VE | B112: =IF(COUNTIFS('1 · BBDD Casos incluidos'!$A$2:$A$29,$A112,'1 · BBDD Casos incluidos'!$AL$2:$AL$29,1)>0,1,0) -> 0 | C112: =IF(COUNTIFS('1 · BBDD Casos incluidos'!$A$2:$A$29,$A112,'1 · BBDD Casos incluidos'!$AM$2:$AM$29,1)>0,1,0) -> 1 | D112: =IF(COUNTIFS('1 · BBDD Casos incluidos'!$A$2:$A$29,$A112,'1 · BBDD Casos incluidos'!$AN$2:$AN$29,1)>0,1,0) -> 0
A115: GRILLA — Convocante no gubernamental (20 × 4)
A116: País | B116: empresa | C116: universidad | D116: sociedad civil | E116: organización internacional
A117: =A3 -> AR | B117: =IF(COUNTIFS('1 · BBDD Casos incluidos'!$A$2:$A$29,$A117,'1 · BBDD Casos incluidos'!$AO$2:$AO$29,1)>0,1,0) -> 0 | C117: =IF(COUNTIFS('1 · BBDD Casos incluidos'!$A$2:$A$29,$A117,'1 · BBDD Casos incluidos'!$AP$2:$AP$29,1)>0,1,0) -> 0 | D117: =IF(COUNTIFS('1 · BBDD Casos incluidos'!$A$2:$A$29,$A117,'1 · BBDD Casos incluidos'!$AQ$2:$AQ$29,1)>0,1,0) -> 0 | E117: =IF(COUNTIFS('1 · BBDD Casos incluidos'!$A$2:$A$29,$A117,'1 · BBDD Casos incluidos'!$AR$2:$AR$29,1)>0,1,0) -> 0
A118: =A4 -> BO | B118: =IF(COUNTIFS('1 · BBDD Casos incluidos'!$A$2:$A$29,$A118,'1 · BBDD Casos incluidos'!$AO$2:$AO$29,1)>0,1,0) -> 0 | C118: =IF(COUNTIFS('1 · BBDD Casos incluidos'!$A$2:$A$29,$A118,'1 · BBDD Casos incluidos'!$AP$2:$AP$29,1)>0,1,0) -> 0 | D118: =IF(COUNTIFS('1 · BBDD Casos incluidos'!$A$2:$A$29,$A118,'1 · BBDD Casos incluidos'!$AQ$2:$AQ$29,1)>0,1,0) -> 0 | E118: =IF(COUNTIFS('1 · BBDD Casos incluidos'!$A$2:$A$29,$A118,'1 · BBDD Casos incluidos'!$AR$2:$AR$29,1)>0,1,0) -> 1
A119: =A5 -> BR | B119: =IF(COUNTIFS('1 · BBDD Casos incluidos'!$A$2:$A$29,$A119,'1 · BBDD Casos incluidos'!$AO$2:$AO$29,1)>0,1,0) -> 1 | C119: =IF(COUNTIFS('1 · BBDD Casos incluidos'!$A$2:$A$29,$A119,'1 · BBDD Casos incluidos'!$AP$2:$AP$29,1)>0,1,0) -> 1 | D119: =IF(COUNTIFS('1 · BBDD Casos incluidos'!$A$2:$A$29,$A119,'1 · BBDD Casos incluidos'!$AQ$2:$AQ$29,1)>0,1,0) -> 0 | E119: =IF(COUNTIFS('1 · BBDD Casos incluidos'!$A$2:$A$29,$A119,'1 · BBDD Casos incluidos'!$AR$2:$AR$29,1)>0,1,0) -> 0
A120: =A6 -> CL | B120: =IF(COUNTIFS('1 · BBDD Casos incluidos'!$A$2:$A$29,$A120,'1 · BBDD Casos incluidos'!$AO$2:$AO$29,1)>0,1,0) -> 1 | C120: =IF(COUNTIFS('1 · BBDD Casos incluidos'!$A$2:$A$29,$A120,'1 · BBDD Casos incluidos'!$AP$2:$AP$29,1)>0,1,0) -> 1 | D120: =IF(COUNTIFS('1 · BBDD Casos incluidos'!$A$2:$A$29,$A120,'1 · BBDD Casos incluidos'!$AQ$2:$AQ$29,1)>0,1,0) -> 1 | E120: =IF(COUNTIFS('1 · BBDD Casos incluidos'!$A$2:$A$29,$A120,'1 · BBDD Casos incluidos'!$AR$2:$AR$29,1)>0,1,0) -> 0
A121: =A7 -> CO | B121: =IF(COUNTIFS('1 · BBDD Casos incluidos'!$A$2:$A$29,$A121,'1 · BBDD Casos incluidos'!$AO$2:$AO$29,1)>0,1,0) -> 1 | C121: =IF(COUNTIFS('1 · BBDD Casos incluidos'!$A$2:$A$29,$A121,'1 · BBDD Casos incluidos'!$AP$2:$AP$29,1)>0,1,0) -> 1 | D121: =IF(COUNTIFS('1 · BBDD Casos incluidos'!$A$2:$A$29,$A121,'1 · BBDD Casos incluidos'!$AQ$2:$AQ$29,1)>0,1,0) -> 1 | E121: =IF(COUNTIFS('1 · BBDD Casos incluidos'!$A$2:$A$29,$A121,'1 · BBDD Casos incluidos'!$AR$2:$AR$29,1)>0,1,0) -> 1
A122: =A8 -> CR | B122: =IF(COUNTIFS('1 · BBDD Casos incluidos'!$A$2:$A$29,$A122,'1 · BBDD Casos incluidos'!$AO$2:$AO$29,1)>0,1,0) -> 0 | C122: =IF(COUNTIFS('1 · BBDD Casos incluidos'!$A$2:$A$29,$A122,'1 · BBDD Casos incluidos'!$AP$2:$AP$29,1)>0,1,0) -> 0 | D122: =IF(COUNTIFS('1 · BBDD Casos incluidos'!$A$2:$A$29,$A122,'1 · BBDD Casos incluidos'!$AQ$2:$AQ$29,1)>0,1,0) -> 0 | E122: =IF(COUNTIFS('1 · BBDD Casos incluidos'!$A$2:$A$29,$A122,'1 · BBDD Casos incluidos'!$AR$2:$AR$29,1)>0,1,0) -> 0
A123: =A9 -> CU | B123: =IF(COUNTIFS('1 · BBDD Casos incluidos'!$A$2:$A$29,$A123,'1 · BBDD Casos incluidos'!$AO$2:$AO$29,1)>0,1,0) -> 0 | C123: =IF(COUNTIFS('1 · BBDD Casos incluidos'!$A$2:$A$29,$A123,'1 · BBDD Casos incluidos'!$AP$2:$AP$29,1)>0,1,0) -> 0 | D123: =IF(COUNTIFS('1 · BBDD Casos incluidos'!$A$2:$A$29,$A123,'1 · BBDD Casos incluidos'!$AQ$2:$AQ$29,1)>0,1,0) -> 0 | E123: =IF(COUNTIFS('1 · BBDD Casos incluidos'!$A$2:$A$29,$A123,'1 · BBDD Casos incluidos'!$AR$2:$AR$29,1)>0,1,0) -> 0
A124: =A10 -> DO | B124: =IF(COUNTIFS('1 · BBDD Casos incluidos'!$A$2:$A$29,$A124,'1 · BBDD Casos incluidos'!$AO$2:$AO$29,1)>0,1,0) -> 0 | C124: =IF(COUNTIFS('1 · BBDD Casos incluidos'!$A$2:$A$29,$A124,'1 · BBDD Casos incluidos'!$AP$2:$AP$29,1)>0,1,0) -> 0 | D124: =IF(COUNTIFS('1 · BBDD Casos incluidos'!$A$2:$A$29,$A124,'1 · BBDD Casos incluidos'!$AQ$2:$AQ$29,1)>0,1,0) -> 0 | E124: =IF(COUNTIFS('1 · BBDD Casos incluidos'!$A$2:$A$29,$A124,'1 · BBDD Casos incluidos'!$AR$2:$AR$29,1)>0,1,0) -> 0
A125: =A11 -> EC | B125: =IF(COUNTIFS('1 · BBDD Casos incluidos'!$A$2:$A$29,$A125,'1 · BBDD Casos incluidos'!$AO$2:$AO$29,1)>0,1,0) -> 0 | C125: =IF(COUNTIFS('1 · BBDD Casos incluidos'!$A$2:$A$29,$A125,'1 · BBDD Casos incluidos'!$AP$2:$AP$29,1)>0,1,0) -> 0 | D125: =IF(COUNTIFS('1 · BBDD Casos incluidos'!$A$2:$A$29,$A125,'1 · BBDD Casos incluidos'!$AQ$2:$AQ$29,1)>0,1,0) -> 1 | E125: =IF(COUNTIFS('1 · BBDD Casos incluidos'!$A$2:$A$29,$A125,'1 · BBDD Casos incluidos'!$AR$2:$AR$29,1)>0,1,0) -> 0
A126: =A12 -> GT | B126: =IF(COUNTIFS('1 · BBDD Casos incluidos'!$A$2:$A$29,$A126,'1 · BBDD Casos incluidos'!$AO$2:$AO$29,1)>0,1,0) -> 0 | C126: =IF(COUNTIFS('1 · BBDD Casos incluidos'!$A$2:$A$29,$A126,'1 · BBDD Casos incluidos'!$AP$2:$AP$29,1)>0,1,0) -> 0 | D126: =IF(COUNTIFS('1 · BBDD Casos incluidos'!$A$2:$A$29,$A126,'1 · BBDD Casos incluidos'!$AQ$2:$AQ$29,1)>0,1,0) -> 1 | E126: =IF(COUNTIFS('1 · BBDD Casos incluidos'!$A$2:$A$29,$A126,'1 · BBDD Casos incluidos'!$AR$2:$AR$29,1)>0,1,0) -> 1
A127: =A13 -> HN | B127: =IF(COUNTIFS('1 · BBDD Casos incluidos'!$A$2:$A$29,$A127,'1 · BBDD Casos incluidos'!$AO$2:$AO$29,1)>0,1,0) -> 0 | C127: =IF(COUNTIFS('1 · BBDD Casos incluidos'!$A$2:$A$29,$A127,'1 · BBDD Casos incluidos'!$AP$2:$AP$29,1)>0,1,0) -> 0 | D127: =IF(COUNTIFS('1 · BBDD Casos incluidos'!$A$2:$A$29,$A127,'1 · BBDD Casos incluidos'!$AQ$2:$AQ$29,1)>0,1,0) -> 0 | E127: =IF(COUNTIFS('1 · BBDD Casos incluidos'!$A$2:$A$29,$A127,'1 · BBDD Casos incluidos'!$AR$2:$AR$29,1)>0,1,0) -> 0
A128: =A14 -> JM | B128: =IF(COUNTIFS('1 · BBDD Casos incluidos'!$A$2:$A$29,$A128,'1 · BBDD Casos incluidos'!$AO$2:$AO$29,1)>0,1,0) -> 0 | C128: =IF(COUNTIFS('1 · BBDD Casos incluidos'!$A$2:$A$29,$A128,'1 · BBDD Casos incluidos'!$AP$2:$AP$29,1)>0,1,0) -> 0 | D128: =IF(COUNTIFS('1 · BBDD Casos incluidos'!$A$2:$A$29,$A128,'1 · BBDD Casos incluidos'!$AQ$2:$AQ$29,1)>0,1,0) -> 0 | E128: =IF(COUNTIFS('1 · BBDD Casos incluidos'!$A$2:$A$29,$A128,'1 · BBDD Casos incluidos'!$AR$2:$AR$29,1)>0,1,0) -> 0
... A136: =A22 -> VE | B136: =IF(COUNTIFS('1 · BBDD Casos incluidos'!$A$2:$A$29,$A136,'1 · BBDD Casos incluidos'!$AO$2:$AO$29,1)>0,1,0) -> 0 | C136: =IF(COUNTIFS('1 · BBDD Casos incluidos'!$A$2:$A$29,$A136,'1 · BBDD Casos incluidos'!$AP$2:$AP$29,1)>0,1,0) -> 0 | D136: =IF(COUNTIFS('1 · BBDD Casos incluidos'!$A$2:$A$29,$A136,'1 · BBDD Casos incluidos'!$AQ$2:$AQ$29,1)>0,1,0) -> 0 | E136: =IF(COUNTIFS('1 · BBDD Casos incluidos'!$A$2:$A$29,$A136,'1 · BBDD Casos incluidos'!$AR$2:$AR$29,1)>0,1,0) -> 0
A139: GRILLA — Desarrollador NACIONAL (20 × 4)
A140: País | B140: Privado | C140: Academia | D140: Gobierno | E140: Sociedad Civil
A141: =A3 -> AR | B141: =IF(COUNTIFS('1 · BBDD Casos incluidos'!$A$2:$A$29,$A141,'1 · BBDD Casos incluidos'!$AS$2:$AS$29,1,'1 · BBDD Casos incluidos'!$AW$2:$AW$29,1)>0,1,0) -> 0 | C141: =IF(COUNTIFS('1 · BBDD Casos incluidos'!$A$2:$A$29,$A141,'1 · BBDD Casos incluidos'!$AT$2:$AT$29,1,'1 · BBDD Casos incluidos'!$AW$2:$AW$29,1)>0,1,0) -> 0 | D141: =IF(COUNTIFS('1 · BBDD Casos incluidos'!$A$2:$A$29,$A141,'1 · BBDD Casos incluidos'!$AU$2:$AU$29,1,'1 · BBDD Casos incluidos'!$AW$2:$AW$29,1)>0,1,0) -> 0 | E141: =IF(COUNTIFS('1 · BBDD Casos incluidos'!$A$2:$A$29,$A141,'1 · BBDD Casos incluidos'!$AV$2:$AV$29,1,'1 · BBDD Casos incluidos'!$AW$2:$AW$29,1)>0,1,0) -> 0
...
